Manual saved to user-manual.html.
Manual saved to dev-manual.html.
'001-User-manual.md' -> '/media/master/github/cust-live-deb/repo/inst-min-win-jwm-help-manuals-text/cld/doc/001-User-manual.md'
'100-Developer-manual.md' -> '/media/master/github/cust-live-deb/repo/inst-min-win-jwm-help-manuals-text/cld/doc/100-Developer-manual.md'
'dev-manual.html' -> '/media/master/github/cust-live-deb/repo/inst-std-help-manuals-html/cld/doc/dev-manual.html'
'user-manual.html' -> '/media/master/github/cust-live-deb/repo/inst-std-help-manuals-html/cld/doc/user-manual.html'
fatal: could not open '/dev/null' for reading and writing: No such file or directory
fatal: could not open '/dev/null' for reading and writing: No such file or directory
fatal: could not open '/dev/null' for reading and writing: No such file or directory
fatal: could not open '/dev/null' for reading and writing: No such file or directory
fatal: could not open '/dev/null' for reading and writing: No such file or directory
'/media/master-02/github/cust-live-deb/scripts/repository/inst-min-con-cld-tools/cld/bin/cld-dd-usb.sh' -> '/usr/local/bin/cld-dd-usb.sh'
'/media/master-02/github/cust-live-deb/scripts/repository/inst-min-con-cld-tools/cld/bin/cld-dirs-create.sh' -> '/usr/local/bin/cld-dirs-create.sh'
'/media/master-02/github/cust-live-deb/scripts/repository/inst-min-con-cld-tools/cld/bin/cld-dpkg-list.sh' -> '/usr/local/bin/cld-dpkg-list.sh'
'/media/master-02/github/cust-live-deb/scripts/repository/inst-min-con-cld-tools/cld/bin/cld-help.sh' -> '/usr/local/bin/cld-help.sh'
'/media/master-02/github/cust-live-deb/scripts/repository/inst-min-con-cld-tools/cld/bin/cld-list-icons.sh' -> '/usr/local/bin/cld-list-icons.sh'
'/media/master-02/github/cust-live-deb/scripts/repository/inst-min-con-cld-tools/cld/bin/cld-lsmodules.sh' -> '/usr/local/bin/cld-lsmodules.sh'
'/media/master-02/github/cust-live-deb/scripts/repository/inst-min-con-cld-tools/cld/bin/cld-mkiso.sh' -> '/usr/local/bin/cld-mkiso.sh'
'/media/master-02/github/cust-live-deb/scripts/repository/inst-min-con-cld-tools/cld/bin/cld-persistence.sh' -> '/usr/local/bin/cld-persistence.sh'
'/media/master-02/github/cust-live-deb/scripts/repository/inst-min-con-cld-tools/cld/bin/cld-remaster.sh' -> '/usr/local/bin/cld-remaster.sh'
Error: root/ directory is missing from /media/sql/chroot: Aborted!
  e.g. ./cld-umount.sh <CHROOT_DIR>
  e.g. ./cld-umount.sh /path/to/chroot/
I: Retrieving InRelease 
I: Checking Release signature
I: Valid Release signature (key id 56EC0E01EF02631A96B155E78E4F29F8C110131D)
I: Retrieving Packages 
I: Validating Packages 
I: Resolving dependencies of required packages...
I: Resolving dependencies of base packages...
I: Checking component main on http://localhost/aptly-repo/master_trixie-main...
I: Retrieving adduser 3.152
I: Validating adduser 3.152
I: Retrieving apt 3.0.3
I: Validating apt 3.0.3
I: Retrieving apt-utils 3.0.3
I: Validating apt-utils 3.0.3
I: Retrieving base-files 13.8+deb13u2
I: Validating base-files 13.8+deb13u2
I: Retrieving base-passwd 3.6.7
I: Validating base-passwd 3.6.7
I: Retrieving bash 5.2.37-2+b5
I: Validating bash 5.2.37-2+b5
I: Retrieving bsdutils 1:2.41-5
I: Validating bsdutils 1:2.41-5
I: Retrieving coreutils 9.7-3
I: Validating coreutils 9.7-3
I: Retrieving cpio 2.15+dfsg-2
I: Validating cpio 2.15+dfsg-2
I: Retrieving cron 3.0pl1-197
I: Validating cron 3.0pl1-197
I: Retrieving cron-daemon-common 3.0pl1-197
I: Validating cron-daemon-common 3.0pl1-197
I: Retrieving dash 0.5.12-12
I: Validating dash 0.5.12-12
I: Retrieving debconf 1.5.91
I: Validating debconf 1.5.91
I: Retrieving debconf-i18n 1.5.91
I: Validating debconf-i18n 1.5.91
I: Retrieving debian-archive-keyring 2025.1
I: Validating debian-archive-keyring 2025.1
I: Retrieving debianutils 5.23.2
I: Validating debianutils 5.23.2
I: Retrieving dhcpcd-base 1:10.1.0-11+deb13u1
I: Validating dhcpcd-base 1:10.1.0-11+deb13u1
I: Retrieving diffutils 1:3.10-4
I: Validating diffutils 1:3.10-4
I: Retrieving dmidecode 3.6-2
I: Validating dmidecode 3.6-2
I: Retrieving dpkg 1.22.21
I: Validating dpkg 1.22.21
I: Retrieving e2fsprogs 1.47.2-3+b3
I: Validating e2fsprogs 1.47.2-3+b3
I: Retrieving fdisk 2.41-5
I: Validating fdisk 2.41-5
I: Retrieving findutils 4.10.0-3
I: Validating findutils 4.10.0-3
I: Retrieving gcc-14-base 14.2.0-19
I: Validating gcc-14-base 14.2.0-19
I: Retrieving grep 3.11-4
I: Validating grep 3.11-4
I: Retrieving gzip 1.13-1
I: Validating gzip 1.13-1
I: Retrieving hostname 3.25
I: Validating hostname 3.25
I: Retrieving ifupdown 0.8.44
I: Validating ifupdown 0.8.44
I: Retrieving init 1.69~deb13u1
I: Validating init 1.69~deb13u1
I: Retrieving init-system-helpers 1.69~deb13u1
I: Validating init-system-helpers 1.69~deb13u1
I: Retrieving iproute2 6.15.0-1
I: Validating iproute2 6.15.0-1
I: Retrieving iputils-ping 3:20240905-3
I: Validating iputils-ping 3:20240905-3
I: Retrieving kmod 34.2-2
I: Validating kmod 34.2-2
I: Retrieving less 668-1
I: Validating less 668-1
I: Retrieving libacl1 2.3.2-2+b1
I: Validating libacl1 2.3.2-2+b1
I: Retrieving libapparmor1 4.1.0-1
I: Validating libapparmor1 4.1.0-1
I: Retrieving libapt-pkg7.0 3.0.3
I: Validating libapt-pkg7.0 3.0.3
I: Retrieving libattr1 1:2.5.2-3
I: Validating libattr1 1:2.5.2-3
I: Retrieving libaudit-common 1:4.0.2-2
I: Validating libaudit-common 1:4.0.2-2
I: Retrieving libaudit1 1:4.0.2-2+b2
I: Validating libaudit1 1:4.0.2-2+b2
I: Retrieving libblkid1 2.41-5
I: Validating libblkid1 2.41-5
I: Retrieving libbpf1 1:1.5.0-3
I: Validating libbpf1 1:1.5.0-3
I: Retrieving libbsd0 0.12.2-2
I: Validating libbsd0 0.12.2-2
I: Retrieving libbz2-1.0 1.0.8-6
I: Validating libbz2-1.0 1.0.8-6
I: Retrieving libc-bin 2.41-12
I: Validating libc-bin 2.41-12
I: Retrieving libc6 2.41-12
I: Validating libc6 2.41-12
I: Retrieving libcap-ng0 0.8.5-4+b1
I: Validating libcap-ng0 0.8.5-4+b1
I: Retrieving libcap2 1:2.75-10+b1
I: Validating libcap2 1:2.75-10+b1
I: Retrieving libcap2-bin 1:2.75-10+b1
I: Validating libcap2-bin 1:2.75-10+b1
I: Retrieving libcom-err2 1.47.2-3+b3
I: Validating libcom-err2 1.47.2-3+b3
I: Retrieving libcrypt1 1:4.4.38-1
I: Validating libcrypt1 1:4.4.38-1
I: Retrieving libdb5.3t64 5.3.28+dfsg2-9
I: Validating libdb5.3t64 5.3.28+dfsg2-9
I: Retrieving libdebconfclient0 0.280
I: Validating libdebconfclient0 0.280
I: Retrieving libedit2 3.1-20250104-1
I: Validating libedit2 3.1-20250104-1
I: Retrieving libelf1t64 0.192-4
I: Validating libelf1t64 0.192-4
I: Retrieving libext2fs2t64 1.47.2-3+b3
I: Validating libext2fs2t64 1.47.2-3+b3
I: Retrieving libfdisk1 2.41-5
I: Validating libfdisk1 2.41-5
I: Retrieving libgcc-s1 14.2.0-19
I: Validating libgcc-s1 14.2.0-19
I: Retrieving libgmp10 2:6.3.0+dfsg-3
I: Validating libgmp10 2:6.3.0+dfsg-3
I: Retrieving libgssapi-krb5-2 1.21.3-5
I: Validating libgssapi-krb5-2 1.21.3-5
I: Retrieving libhogweed6t64 3.10.1-1
I: Validating libhogweed6t64 3.10.1-1
I: Retrieving libidn2-0 2.3.8-2
I: Validating libidn2-0 2.3.8-2
I: Retrieving libjansson4 2.14-2+b3
I: Validating libjansson4 2.14-2+b3
I: Retrieving libk5crypto3 1.21.3-5
I: Validating libk5crypto3 1.21.3-5
I: Retrieving libkeyutils1 1.6.3-6
I: Validating libkeyutils1 1.6.3-6
I: Retrieving libkmod2 34.2-2
I: Validating libkmod2 34.2-2
I: Retrieving libkrb5-3 1.21.3-5
I: Validating libkrb5-3 1.21.3-5
I: Retrieving libkrb5support0 1.21.3-5
I: Validating libkrb5support0 1.21.3-5
I: Retrieving liblastlog2-2 2.41-5
I: Validating liblastlog2-2 2.41-5
I: Retrieving liblocale-gettext-perl 1.07-7+b1
I: Validating liblocale-gettext-perl 1.07-7+b1
I: Retrieving liblz4-1 1.10.0-4
I: Validating liblz4-1 1.10.0-4
I: Retrieving liblzma5 5.8.1-1
I: Validating liblzma5 5.8.1-1
I: Retrieving libmd0 1.1.0-2+b1
I: Validating libmd0 1.1.0-2+b1
I: Retrieving libmnl0 1.0.5-3
I: Validating libmnl0 1.0.5-3
I: Retrieving libmount1 2.41-5
I: Validating libmount1 2.41-5
I: Retrieving libncursesw6 6.5+20250216-2
I: Validating libncursesw6 6.5+20250216-2
I: Retrieving libnettle8t64 3.10.1-1
I: Validating libnettle8t64 3.10.1-1
I: Retrieving libnewt0.52 0.52.25-1
I: Validating libnewt0.52 0.52.25-1
I: Retrieving libnftables1 1.1.3-1
I: Validating libnftables1 1.1.3-1
I: Retrieving libnftnl11 1.2.9-1
I: Validating libnftnl11 1.2.9-1
I: Retrieving libpam-modules 1.7.0-5
I: Validating libpam-modules 1.7.0-5
I: Retrieving libpam-modules-bin 1.7.0-5
I: Validating libpam-modules-bin 1.7.0-5
I: Retrieving libpam-runtime 1.7.0-5
I: Validating libpam-runtime 1.7.0-5
I: Retrieving libpam0g 1.7.0-5
I: Validating libpam0g 1.7.0-5
I: Retrieving libpcre2-8-0 10.46-1~deb13u1
I: Validating libpcre2-8-0 10.46-1~deb13u1
I: Retrieving libpopt0 1.19+dfsg-2
I: Validating libpopt0 1.19+dfsg-2
I: Retrieving libproc2-0 2:4.0.4-9
I: Validating libproc2-0 2:4.0.4-9
I: Retrieving libreadline8t64 8.2-6
I: Validating libreadline8t64 8.2-6
I: Retrieving libseccomp2 2.6.0-2
I: Validating libseccomp2 2.6.0-2
I: Retrieving libselinux1 3.8.1-1
I: Validating libselinux1 3.8.1-1
I: Retrieving libsemanage-common 3.8.1-1
I: Validating libsemanage-common 3.8.1-1
I: Retrieving libsemanage2 3.8.1-1
I: Validating libsemanage2 3.8.1-1
I: Retrieving libsepol2 3.8.1-1
I: Validating libsepol2 3.8.1-1
I: Retrieving libslang2 2.3.3-5+b2
I: Validating libslang2 2.3.3-5+b2
I: Retrieving libsmartcols1 2.41-5
I: Validating libsmartcols1 2.41-5
I: Retrieving libsqlite3-0 3.46.1-7
I: Validating libsqlite3-0 3.46.1-7
I: Retrieving libss2 1.47.2-3+b3
I: Validating libss2 1.47.2-3+b3
I: Retrieving libssl3t64 3.5.4-1~deb13u1
I: Validating libssl3t64 3.5.4-1~deb13u1
I: Retrieving libstdc++6 14.2.0-19
I: Validating libstdc++6 14.2.0-19
I: Retrieving libsystemd-shared 257.9-1~deb13u1
I: Validating libsystemd-shared 257.9-1~deb13u1
I: Retrieving libsystemd0 257.9-1~deb13u1
I: Validating libsystemd0 257.9-1~deb13u1
I: Retrieving libtext-charwidth-perl 0.04-11+b4
I: Validating libtext-charwidth-perl 0.04-11+b4
I: Retrieving libtext-iconv-perl 1.7-8+b4
I: Validating libtext-iconv-perl 1.7-8+b4
I: Retrieving libtext-wrapi18n-perl 0.06-10
I: Validating libtext-wrapi18n-perl 0.06-10
I: Retrieving libtinfo6 6.5+20250216-2
I: Validating libtinfo6 6.5+20250216-2
I: Retrieving libtirpc-common 1.3.6+ds-1
I: Validating libtirpc-common 1.3.6+ds-1
I: Retrieving libtirpc3t64 1.3.6+ds-1
I: Validating libtirpc3t64 1.3.6+ds-1
I: Retrieving libudev1 257.9-1~deb13u1
I: Validating libudev1 257.9-1~deb13u1
I: Retrieving libunistring5 1.3-2
I: Validating libunistring5 1.3-2
I: Retrieving libuuid1 2.41-5
I: Validating libuuid1 2.41-5
I: Retrieving libxtables12 1.8.11-2
I: Validating libxtables12 1.8.11-2
I: Retrieving libxxhash0 0.8.3-2
I: Validating libxxhash0 0.8.3-2
I: Retrieving libzstd1 1.5.7+dfsg-1
I: Validating libzstd1 1.5.7+dfsg-1
I: Retrieving linux-sysctl-defaults 4.12
I: Validating linux-sysctl-defaults 4.12
I: Retrieving login 1:4.16.0-2+really2.41-5
I: Validating login 1:4.16.0-2+really2.41-5
I: Retrieving login.defs 1:4.17.4-2
I: Validating login.defs 1:4.17.4-2
I: Retrieving logrotate 3.22.0-1
I: Validating logrotate 3.22.0-1
I: Retrieving logsave 1.47.2-3+b3
I: Validating logsave 1.47.2-3+b3
I: Retrieving mawk 1.3.4.20250131-1
I: Validating mawk 1.3.4.20250131-1
I: Retrieving mount 2.41-5
I: Validating mount 2.41-5
I: Retrieving nano 8.4-1
I: Validating nano 8.4-1
I: Retrieving ncurses-base 6.5+20250216-2
I: Validating ncurses-base 6.5+20250216-2
I: Retrieving ncurses-bin 6.5+20250216-2
I: Validating ncurses-bin 6.5+20250216-2
I: Retrieving netbase 6.5
I: Validating netbase 6.5
I: Retrieving nftables 1.1.3-1
I: Validating nftables 1.1.3-1
I: Retrieving openssl-provider-legacy 3.5.4-1~deb13u1
I: Validating openssl-provider-legacy 3.5.4-1~deb13u1
I: Retrieving passwd 1:4.17.4-2
I: Validating passwd 1:4.17.4-2
I: Retrieving perl-base 5.40.1-6
I: Validating perl-base 5.40.1-6
I: Retrieving procps 2:4.0.4-9
I: Validating procps 2:4.0.4-9
I: Retrieving readline-common 8.2-6
I: Validating readline-common 8.2-6
I: Retrieving sed 4.9-2
I: Validating sed 4.9-2
I: Retrieving sensible-utils 0.0.25
I: Validating sensible-utils 0.0.25
I: Retrieving sqv 1.3.0-3
I: Validating sqv 1.3.0-3
I: Retrieving systemd 257.9-1~deb13u1
I: Validating systemd 257.9-1~deb13u1
I: Retrieving systemd-sysv 257.9-1~deb13u1
I: Validating systemd-sysv 257.9-1~deb13u1
I: Retrieving sysvinit-utils 3.14-4
I: Validating sysvinit-utils 3.14-4
I: Retrieving tar 1.35+dfsg-3.1
I: Validating tar 1.35+dfsg-3.1
I: Retrieving tzdata 2025b-4+deb13u1
I: Validating tzdata 2025b-4+deb13u1
I: Retrieving udev 257.9-1~deb13u1
I: Validating udev 257.9-1~deb13u1
I: Retrieving util-linux 2.41-5
I: Validating util-linux 2.41-5
I: Retrieving vim-common 2:9.1.1230-2
I: Validating vim-common 2:9.1.1230-2
I: Retrieving vim-tiny 2:9.1.1230-2
I: Validating vim-tiny 2:9.1.1230-2
I: Retrieving whiptail 0.52.25-1
I: Validating whiptail 0.52.25-1
I: Retrieving zlib1g 1:1.3.dfsg+really1.3.1-1+b1
I: Validating zlib1g 1:1.3.dfsg+really1.3.1-1+b1
I: Chosen extractor for .deb packages: dpkg-deb
I: Extracting apt...
I: Extracting base-files...
I: Extracting base-passwd...
I: Extracting bash...
I: Extracting bsdutils...
I: Extracting coreutils...
I: Extracting dash...
I: Extracting debconf...
I: Extracting debian-archive-keyring...
I: Extracting debianutils...
I: Extracting diffutils...
I: Extracting dpkg...
I: Extracting findutils...
I: Extracting gcc-14-base...
I: Extracting grep...
I: Extracting gzip...
I: Extracting hostname...
I: Extracting init-system-helpers...
I: Extracting libacl1...
I: Extracting libapt-pkg7.0...
I: Extracting libattr1...
I: Extracting libaudit-common...
I: Extracting libaudit1...
I: Extracting libblkid1...
I: Extracting libbsd0...
I: Extracting libbz2-1.0...
I: Extracting libc-bin...
I: Extracting libc6...
I: Extracting libcap-ng0...
I: Extracting libcap2...
I: Extracting libcrypt1...
I: Extracting libdb5.3t64...
I: Extracting libdebconfclient0...
I: Extracting libgcc-s1...
I: Extracting libgmp10...
I: Extracting libhogweed6t64...
I: Extracting liblastlog2-2...
I: Extracting liblz4-1...
I: Extracting liblzma5...
I: Extracting libmd0...
I: Extracting libmount1...
I: Extracting libnettle8t64...
I: Extracting libpam-modules...
I: Extracting libpam-modules-bin...
I: Extracting libpam-runtime...
I: Extracting libpam0g...
I: Extracting libpcre2-8-0...
I: Extracting libseccomp2...
I: Extracting libselinux1...
I: Extracting libsemanage-common...
I: Extracting libsemanage2...
I: Extracting libsepol2...
I: Extracting libsmartcols1...
I: Extracting libsqlite3-0...
I: Extracting libssl3t64...
I: Extracting libstdc++6...
I: Extracting libsystemd0...
I: Extracting libtinfo6...
I: Extracting libudev1...
I: Extracting libuuid1...
I: Extracting libxxhash0...
I: Extracting libzstd1...
I: Extracting login...
I: Extracting login.defs...
I: Extracting mawk...
I: Extracting mount...
I: Extracting ncurses-base...
I: Extracting ncurses-bin...
I: Extracting openssl-provider-legacy...
I: Extracting passwd...
I: Extracting perl-base...
I: Extracting sed...
I: Extracting sqv...
I: Extracting sysvinit-utils...
I: Extracting tar...
I: Extracting tzdata...
I: Extracting util-linux...
I: Extracting zlib1g...
I: Installing core packages...
I: Unpacking required packages...
I: Unpacking apt...
I: Unpacking base-files...
I: Unpacking base-passwd...
I: Unpacking bash...
I: Unpacking bsdutils...
I: Unpacking coreutils...
I: Unpacking dash...
I: Unpacking debconf...
I: Unpacking debian-archive-keyring...
I: Unpacking debianutils...
I: Unpacking diffutils...
I: Unpacking dpkg...
I: Unpacking findutils...
I: Unpacking gcc-14-base:amd64...
I: Unpacking grep...
I: Unpacking gzip...
I: Unpacking hostname...
I: Unpacking init-system-helpers...
I: Unpacking libacl1:amd64...
I: Unpacking libapt-pkg7.0:amd64...
I: Unpacking libattr1:amd64...
I: Unpacking libaudit-common...
I: Unpacking libaudit1:amd64...
I: Unpacking libblkid1:amd64...
I: Unpacking libbsd0:amd64...
I: Unpacking libbz2-1.0:amd64...
I: Unpacking libc-bin...
I: Unpacking libc6:amd64...
I: Unpacking libcap-ng0:amd64...
I: Unpacking libcap2:amd64...
I: Unpacking libcrypt1:amd64...
I: Unpacking libdb5.3t64:amd64...
I: Unpacking libdebconfclient0:amd64...
I: Unpacking libgcc-s1:amd64...
I: Unpacking libgmp10:amd64...
I: Unpacking libhogweed6t64:amd64...
I: Unpacking liblastlog2-2:amd64...
I: Unpacking liblz4-1:amd64...
I: Unpacking liblzma5:amd64...
I: Unpacking libmd0:amd64...
I: Unpacking libmount1:amd64...
I: Unpacking libnettle8t64:amd64...
I: Unpacking libpam-modules:amd64...
I: Unpacking libpam-modules-bin...
I: Unpacking libpam-runtime...
I: Unpacking libpam0g:amd64...
I: Unpacking libpcre2-8-0:amd64...
I: Unpacking libseccomp2:amd64...
I: Unpacking libselinux1:amd64...
I: Unpacking libsemanage-common...
I: Unpacking libsemanage2:amd64...
I: Unpacking libsepol2:amd64...
I: Unpacking libsmartcols1:amd64...
I: Unpacking libsqlite3-0:amd64...
I: Unpacking libssl3t64:amd64...
I: Unpacking libstdc++6:amd64...
I: Unpacking libsystemd0:amd64...
I: Unpacking libtinfo6:amd64...
I: Unpacking libudev1:amd64...
I: Unpacking libuuid1:amd64...
I: Unpacking libxxhash0:amd64...
I: Unpacking libzstd1:amd64...
I: Unpacking login...
I: Unpacking login.defs...
I: Unpacking mawk...
I: Unpacking mount...
I: Unpacking ncurses-base...
I: Unpacking ncurses-bin...
I: Unpacking openssl-provider-legacy...
I: Unpacking passwd...
I: Unpacking perl-base...
I: Unpacking sed...
I: Unpacking sqv...
I: Unpacking sysvinit-utils...
I: Unpacking tar...
I: Unpacking tzdata...
I: Unpacking util-linux...
I: Unpacking zlib1g:amd64...
I: Configuring required packages...
I: Configuring gcc-14-base:amd64...
I: Configuring login.defs...
I: Configuring debian-archive-keyring...
I: Configuring libaudit-common...
I: Configuring libsemanage-common...
I: Configuring debconf...
I: Configuring tzdata...
I: Configuring ncurses-base...
I: Configuring init-system-helpers...
I: Configuring libgcc-s1:amd64...
I: Configuring libc6:amd64...
I: Configuring libdb5.3t64:amd64...
I: Configuring libmd0:amd64...
I: Configuring libxxhash0:amd64...
I: Configuring libattr1:amd64...
I: Configuring sysvinit-utils...
I: Configuring debianutils...
I: Configuring mawk...
I: Configuring libdebconfclient0:amd64...
I: Configuring base-files...
I: Configuring libbz2-1.0:amd64...
I: Configuring libbsd0:amd64...
I: Configuring libblkid1:amd64...
I: Configuring libstdc++6:amd64...
I: Configuring dash...
I: Configuring libtinfo6:amd64...
I: Configuring bash...
I: Configuring libzstd1:amd64...
I: Configuring liblzma5:amd64...
I: Configuring liblz4-1:amd64...
I: Configuring libc-bin...
I: Configuring libsqlite3-0:amd64...
I: Configuring ncurses-bin...
I: Configuring libacl1:amd64...
I: Configuring libsmartcols1:amd64...
I: Configuring zlib1g:amd64...
I: Configuring libcrypt1:amd64...
I: Configuring diffutils...
I: Configuring libseccomp2:amd64...
I: Configuring libcap2:amd64...
I: Configuring perl-base...
I: Configuring openssl-provider-legacy...
I: Configuring hostname...
I: Configuring libcap-ng0:amd64...
I: Configuring libnettle8t64:amd64...
I: Configuring libgmp10:amd64...
I: Configuring libaudit1:amd64...
I: Configuring gzip...
I: Configuring libuuid1:amd64...
I: Configuring libsepol2:amd64...
I: Configuring libpcre2-8-0:amd64...
I: Configuring libudev1:amd64...
I: Configuring libhogweed6t64:amd64...
I: Configuring sqv...
I: Configuring grep...
I: Configuring libssl3t64:amd64...
I: Configuring liblastlog2-2:amd64...
I: Configuring libsystemd0:amd64...
I: Configuring libselinux1:amd64...
I: Configuring libpam0g:amd64...
I: Configuring sed...
I: Configuring findutils...
I: Configuring libmount1:amd64...
I: Configuring libsemanage2:amd64...
I: Configuring libapt-pkg7.0:amd64...
I: Configuring base-passwd...
I: Configuring apt...
I: Configuring bsdutils...
I: Configuring tar...
I: Configuring libpam-modules-bin...
I: Configuring coreutils...
I: Configuring dpkg...
I: Configuring mount...
I: Configuring libpam-modules:amd64...
I: Configuring passwd...
I: Configuring libpam-runtime...
I: Configuring login...
I: Configuring util-linux...
I: Configuring libc-bin...
I: Unpacking the base system...
I: Unpacking apt-utils...
I: Unpacking cpio...
I: Unpacking cron...
I: Unpacking debconf-i18n...
I: Unpacking dhcpcd-base...
I: Unpacking dmidecode...
I: Unpacking e2fsprogs...
I: Unpacking fdisk...
I: Unpacking ifupdown...
I: Unpacking init...
I: Unpacking iproute2...
I: Unpacking iputils-ping...
I: Unpacking kmod...
I: Unpacking less...
I: Unpacking libbpf1:amd64...
I: Unpacking libcap2-bin...
I: Unpacking libedit2:amd64...
I: Unpacking libelf1t64:amd64...
I: Unpacking libfdisk1:amd64...
I: Unpacking libgssapi-krb5-2:amd64...
I: Unpacking libidn2-0:amd64...
I: Unpacking libjansson4:amd64...
I: Unpacking libk5crypto3:amd64...
I: Unpacking libkeyutils1:amd64...
I: Unpacking libkmod2:amd64...
I: Unpacking libkrb5-3:amd64...
I: Unpacking libkrb5support0:amd64...
I: Unpacking liblocale-gettext-perl...
I: Unpacking libmnl0:amd64...
I: Unpacking libncursesw6:amd64...
I: Unpacking libnewt0.52:amd64...
I: Unpacking libnftables1:amd64...
I: Unpacking libnftnl11:amd64...
I: Unpacking libpopt0:amd64...
I: Unpacking libproc2-0:amd64...
I: Unpacking libreadline8t64:amd64...
I: Unpacking libslang2:amd64...
I: Unpacking libtext-charwidth-perl:amd64...
I: Unpacking libtext-iconv-perl:amd64...
I: Unpacking libtext-wrapi18n-perl...
I: Unpacking libtirpc-common...
I: Unpacking libtirpc3t64:amd64...
I: Unpacking libunistring5:amd64...
I: Unpacking libxtables12:amd64...
I: Unpacking linux-sysctl-defaults...
I: Unpacking logrotate...
I: Unpacking logsave...
I: Unpacking nano...
I: Unpacking netbase...
I: Unpacking nftables...
I: Unpacking procps...
I: Unpacking readline-common...
I: Unpacking sensible-utils...
I: Unpacking udev...
I: Unpacking vim-common...
I: Unpacking vim-tiny...
I: Unpacking whiptail...
I: Configuring the base system...
I: Configuring cpio...
I: Configuring libtext-iconv-perl:amd64...
I: Configuring libtext-charwidth-perl:amd64...
I: Configuring libkeyutils1:amd64...
I: Configuring apt-utils...
I: Configuring init...
I: Configuring libtirpc-common...
I: Configuring libedit2:amd64...
I: Configuring less...
I: Configuring libtext-wrapi18n-perl...
I: Configuring libelf1t64:amd64...
I: Configuring libjansson4:amd64...
I: Configuring libkrb5support0:amd64...
I: Configuring libcap2-bin...
I: Configuring linux-sysctl-defaults...
I: Configuring vim-common...
I: Configuring libslang2:amd64...
I: Configuring libproc2-0:amd64...
I: Configuring libunistring5:amd64...
I: Configuring libmnl0:amd64...
I: Configuring dhcpcd-base...
I: Configuring libncursesw6:amd64...
I: Configuring libk5crypto3:amd64...
I: Configuring libxtables12:amd64...
I: Configuring logsave...
I: Configuring libfdisk1:amd64...
I: Configuring nano...
I: Configuring sensible-utils...
I: Configuring procps...
I: Configuring netbase...
I: Configuring libkrb5-3:amd64...
I: Configuring dmidecode...
I: Configuring readline-common...
I: Configuring liblocale-gettext-perl...
I: Configuring libbpf1:amd64...
I: Configuring libkmod2:amd64...
I: Configuring libpopt0:amd64...
I: Configuring logrotate...
I: Configuring libnewt0.52:amd64...
I: Configuring cron...
I: Configuring debconf-i18n...
I: Configuring libnftnl11:amd64...
I: Configuring e2fsprogs...
I: Configuring libidn2-0:amd64...
I: Configuring vim-tiny...
I: Configuring kmod...
I: Configuring libgssapi-krb5-2:amd64...
I: Configuring udev...
I: Configuring libreadline8t64:amd64...
I: Configuring whiptail...
I: Configuring iputils-ping...
I: Configuring libnftables1:amd64...
I: Configuring nftables...
I: Configuring libtirpc3t64:amd64...
I: Configuring iproute2...
I: Configuring fdisk...
I: Configuring ifupdown...
I: Configuring libc-bin...
I: Base system installed successfully.
============================================
What to do next?
Run the following tolog in the live system:
    chroot chroot
Then, run
  cd /root/scripts
  chmod +x setup-chroot.sh
  ./setup-chroot.sh
  chmod +x scripts-ls.sh
  ./scripts-ls.sh 
  chmod +x main.sh
  ./main.sh
./scripts-ls.sh: line 182: /dev/fd/63: No such file or directory
CLDS:>>>>>>>>> Running main.sh ...
CLDS: * Running on SHELL=/bin/bash VER=5.2.37(1)-release
CLDS: * Disk size = 609140K. Space Used = 609140K. Runtime = 00:00:00:01.
CLDS:>>>>>>>>> Running inst-min-con-00-apt-custom-repository.sh ...
'trusted.gpg' -> '/etc/apt/trusted.gpg'
'trusted.gpg' -> '/etc/apt/keyrings/trusted.gpg'
'./keys/etc/keyrings/docker.asc' -> '/etc/apt/keyrings/docker.asc'
'./keys/etc/keyrings/trusted.gpg' -> '/etc/apt/keyrings/trusted.gpg'
'./keys/etc/keyrings/google_linux_signing_key.pub' -> '/etc/apt/keyrings/google_linux_signing_key.pub'
'./keys/etc/keyrings/aptly.asc' -> '/etc/apt/keyrings/aptly.asc'
removed '/usr/share/keyrings/debian-archive-bookworm-automatic.gpg'
'./keys/usr/keyrings/debian-archive-bookworm-automatic.gpg' -> '/usr/share/keyrings/debian-archive-bookworm-automatic.gpg'
removed '/usr/share/keyrings/debian-archive-bookworm-security-automatic.gpg'
'./keys/usr/keyrings/debian-archive-bookworm-security-automatic.gpg' -> '/usr/share/keyrings/debian-archive-bookworm-security-automatic.gpg'
removed '/usr/share/keyrings/debian-archive-bookworm-stable.gpg'
'./keys/usr/keyrings/debian-archive-bookworm-stable.gpg' -> '/usr/share/keyrings/debian-archive-bookworm-stable.gpg'
removed '/usr/share/keyrings/debian-archive-bullseye-automatic.gpg'
'./keys/usr/keyrings/debian-archive-bullseye-automatic.gpg' -> '/usr/share/keyrings/debian-archive-bullseye-automatic.gpg'
removed '/usr/share/keyrings/debian-archive-bullseye-security-automatic.gpg'
'./keys/usr/keyrings/debian-archive-bullseye-security-automatic.gpg' -> '/usr/share/keyrings/debian-archive-bullseye-security-automatic.gpg'
removed '/usr/share/keyrings/debian-archive-bullseye-stable.gpg'
'./keys/usr/keyrings/debian-archive-bullseye-stable.gpg' -> '/usr/share/keyrings/debian-archive-bullseye-stable.gpg'
removed '/usr/share/keyrings/debian-archive-keyring.gpg'
'./keys/usr/keyrings/debian-archive-keyring.gpg' -> '/usr/share/keyrings/debian-archive-keyring.gpg'
removed '/usr/share/keyrings/debian-archive-removed-keys.gpg'
'./keys/usr/keyrings/debian-archive-removed-keys.gpg' -> '/usr/share/keyrings/debian-archive-removed-keys.gpg'
removed '/usr/share/keyrings/debian-archive-trixie-automatic.gpg'
'./keys/usr/keyrings/debian-archive-trixie-automatic.gpg' -> '/usr/share/keyrings/debian-archive-trixie-automatic.gpg'
removed '/usr/share/keyrings/debian-archive-trixie-security-automatic.gpg'
'./keys/usr/keyrings/debian-archive-trixie-security-automatic.gpg' -> '/usr/share/keyrings/debian-archive-trixie-security-automatic.gpg'
removed '/usr/share/keyrings/debian-archive-trixie-stable.gpg'
'./keys/usr/keyrings/debian-archive-trixie-stable.gpg' -> '/usr/share/keyrings/debian-archive-trixie-stable.gpg'
'./keys/usr/keyrings/oracle-virtualbox-2016.gpg' -> '/usr/share/keyrings/oracle-virtualbox-2016.gpg'
'./keys/usr/keyrings/cloud.google.gpg' -> '/usr/share/keyrings/cloud.google.gpg'
'./keys/usr/keyrings/deb-multimedia-keyring.pgp' -> '/usr/share/keyrings/deb-multimedia-keyring.pgp'
'./keys/usr/keyrings/debian-archive-bookworm-automatic.pgp' -> '/usr/share/keyrings/debian-archive-bookworm-automatic.pgp'
'./keys/usr/keyrings/debian-archive-bookworm-security-automatic.pgp' -> '/usr/share/keyrings/debian-archive-bookworm-security-automatic.pgp'
'./keys/usr/keyrings/debian-archive-bookworm-stable.pgp' -> '/usr/share/keyrings/debian-archive-bookworm-stable.pgp'
'./keys/usr/keyrings/debian-archive-bullseye-automatic.pgp' -> '/usr/share/keyrings/debian-archive-bullseye-automatic.pgp'
'./keys/usr/keyrings/debian-archive-bullseye-security-automatic.pgp' -> '/usr/share/keyrings/debian-archive-bullseye-security-automatic.pgp'
'./keys/usr/keyrings/debian-archive-bullseye-stable.pgp' -> '/usr/share/keyrings/debian-archive-bullseye-stable.pgp'
'./keys/usr/keyrings/debian-archive-keyring.pgp' -> '/usr/share/keyrings/debian-archive-keyring.pgp'
'./keys/usr/keyrings/debian-archive-removed-keys.pgp' -> '/usr/share/keyrings/debian-archive-removed-keys.pgp'
'./keys/usr/keyrings/debian-archive-trixie-automatic.pgp' -> '/usr/share/keyrings/debian-archive-trixie-automatic.pgp'
'./keys/usr/keyrings/debian-archive-trixie-security-automatic.pgp' -> '/usr/share/keyrings/debian-archive-trixie-security-automatic.pgp'
'./keys/usr/keyrings/debian-archive-trixie-stable.pgp' -> '/usr/share/keyrings/debian-archive-trixie-stable.pgp'
'./keys/usr/keyrings/nodesource.gpg' -> '/usr/share/keyrings/nodesource.gpg'
Get:1 http://localhost/aptly-repo/master_trixie-main trixie InRelease [4340 B]
Get:2 http://localhost/aptly-repo/master_aptly-main squeeze InRelease [4342 B]
Get:3 http://localhost/aptly-repo/master_deb-multimedia-main trixie InRelease [4356 B]
Get:4 http://localhost/aptly-repo/master_deb-multimedia-non-free trixie InRelease [2896 B]
Get:5 http://localhost/aptly-repo/master_docker-stable trixie InRelease [4394 B]
Get:6 http://localhost/aptly-repo/master_google-cloud-main cloud-sdk InRelease [4364 B]
Get:7 http://localhost/aptly-repo/master_google-main stable InRelease [4340 B]
Get:8 http://localhost/aptly-repo/master_trixie-contrib trixie InRelease [4421 B]
Get:9 http://localhost/aptly-repo/master_trixie-non-free-firmware trixie InRelease [4691 B]
Get:10 http://localhost/aptly-repo/master_trixie-non-free trixie InRelease [4448 B]
Get:11 http://localhost/aptly-repo/master_virtualbox-contrib trixie InRelease [4429 B]
Get:12 http://localhost/aptly-repo/master_trixie-main trixie/main amd64 Packages [413 kB]
Get:13 http://localhost/aptly-repo/master_aptly-main squeeze/main amd64 Packages [3891 B]
Get:14 http://localhost/aptly-repo/master_deb-multimedia-main trixie/main amd64 Packages [11.8 kB]
Get:15 http://localhost/aptly-repo/master_docker-stable trixie/stable amd64 Packages [14.6 kB]
Get:16 http://localhost/aptly-repo/master_google-cloud-main cloud-sdk/main amd64 Packages [18.4 kB]
Get:17 http://localhost/aptly-repo/master_google-main stable/main amd64 Packages [930 B]
Get:18 http://localhost/aptly-repo/master_trixie-contrib trixie/contrib amd64 Packages [3553 B]
Get:19 http://localhost/aptly-repo/master_trixie-non-free-firmware trixie/non-free-firmware amd64 Packages [5292 B]
Get:20 http://localhost/aptly-repo/master_trixie-non-free trixie/non-free amd64 Packages [1455 B]
Get:21 http://localhost/aptly-repo/master_virtualbox-contrib trixie/contrib amd64 Packages [1152 B]
Fetched 521 kB in 0s (3138 kB/s)
Reading package lists...
W: Target Packages (main/binary-amd64/Packages) is configured multiple times in /etc/apt/sources.list:1 and /etc/apt/sources.list:9
W: Target Packages (main/binary-all/Packages) is configured multiple times in /etc/apt/sources.list:1 and /etc/apt/sources.list:9
W: Target Translations (main/i18n/Translation-en) is configured multiple times in /etc/apt/sources.list:1 and /etc/apt/sources.list:9
W: Target Packages (main/binary-amd64/Packages) is configured multiple times in /etc/apt/sources.list:1 and /etc/apt/sources.list:9
W: Target Packages (main/binary-all/Packages) is configured multiple times in /etc/apt/sources.list:1 and /etc/apt/sources.list:9
W: Target Translations (main/i18n/Translation-en) is configured multiple times in /etc/apt/sources.list:1 and /etc/apt/sources.list:9
CLDS: * Disk size = 615336K. Space Used = 6196K. Runtime = 00:00:00:00.
CLDS:>>>>>>>>> Running inst-min-con-00-linux-image.sh ...
============= START: Base system packages =============
Desired=Unknown/Install/Remove/Purge/Hold
| Status=Not/Inst/Conf-files/Unpacked/halF-conf/Half-inst/trig-aWait/Trig-pend
|/ Err?=(none)/Reinst-required (Status,Err: uppercase=bad)
||/ Name                         Version                     Architecture Description
+++-============================-===========================-============-===================================================================
ii  adduser                      3.152                       all          add and remove users and groups
ii  apt                          3.0.3                       amd64        commandline package manager
ii  apt-utils                    3.0.3                       amd64        package management related utility programs
ii  base-files                   13.8+deb13u2                amd64        Debian base system miscellaneous files
ii  base-passwd                  3.6.7                       amd64        Debian base system master password and group files
ii  bash                         5.2.37-2+b5                 amd64        GNU Bourne Again SHell
ii  bsdutils                     1:2.41-5                    amd64        basic utilities from 4.4BSD-Lite
ii  coreutils                    9.7-3                       amd64        GNU core utilities
ii  cpio                         2.15+dfsg-2                 amd64        GNU cpio -- a program to manage archives of files
ii  cron                         3.0pl1-197                  amd64        process scheduling daemon
ii  cron-daemon-common           3.0pl1-197                  all          process scheduling daemon's configuration files
ii  dash                         0.5.12-12                   amd64        POSIX-compliant shell
ii  debconf                      1.5.91                      all          Debian configuration management system
ii  debconf-i18n                 1.5.91                      all          full internationalization support for debconf
ii  debian-archive-keyring       2025.1                      all          OpenPGP archive certificates of the Debian archive
ii  debianutils                  5.23.2                      amd64        Miscellaneous utilities specific to Debian
ii  dhcpcd-base                  1:10.1.0-11+deb13u1         amd64        DHCPv4 and DHCPv6 dual-stack client (binaries and exit hooks)
ii  diffutils                    1:3.10-4                    amd64        File comparison utilities
ii  dmidecode                    3.6-2                       amd64        SMBIOS/DMI table decoder
ii  dpkg                         1.22.21                     amd64        Debian package management system
ii  e2fsprogs                    1.47.2-3+b3                 amd64        ext2/ext3/ext4 file system utilities
ii  fdisk                        2.41-5                      amd64        collection of partitioning utilities
ii  findutils                    4.10.0-3                    amd64        utilities for finding files--find, xargs
ii  gcc-14-base:amd64            14.2.0-19                   amd64        GCC, the GNU Compiler Collection (base package)
ii  grep                         3.11-4                      amd64        GNU grep, egrep and fgrep
ii  gzip                         1.13-1                      amd64        GNU compression utilities
ii  hostname                     3.25                        amd64        utility to set/show the host name or domain name
ii  ifupdown                     0.8.44                      amd64        high level tools to configure network interfaces
ii  init                         1.69~deb13u1                amd64        metapackage ensuring an init system is installed
ii  init-system-helpers          1.69~deb13u1                all          helper tools for all init systems
ii  iproute2                     6.15.0-1                    amd64        networking and traffic control tools
ii  iputils-ping                 3:20240905-3                amd64        Tools to test the reachability of network hosts
ii  kmod                         34.2-2                      amd64        tools for managing Linux kernel modules
ii  less                         668-1                       amd64        pager program similar to more
ii  libacl1:amd64                2.3.2-2+b1                  amd64        access control list - shared library
ii  libapparmor1:amd64           4.1.0-1                     amd64        changehat AppArmor library
ii  libapt-pkg7.0:amd64          3.0.3                       amd64        package management runtime library
ii  libattr1:amd64               1:2.5.2-3                   amd64        extended attribute handling - shared library
ii  libaudit-common              1:4.0.2-2                   all          Dynamic library for security auditing - common files
ii  libaudit1:amd64              1:4.0.2-2+b2                amd64        Dynamic library for security auditing
ii  libblkid1:amd64              2.41-5                      amd64        block device ID library
ii  libbpf1:amd64                1:1.5.0-3                   amd64        eBPF helper library (shared library)
ii  libbsd0:amd64                0.12.2-2                    amd64        utility functions from BSD systems - shared library
ii  libbz2-1.0:amd64             1.0.8-6                     amd64        high-quality block-sorting file compressor library - runtime
ii  libc-bin                     2.41-12                     amd64        GNU C Library: Binaries
ii  libc6:amd64                  2.41-12                     amd64        GNU C Library: Shared libraries
ii  libcap-ng0:amd64             0.8.5-4+b1                  amd64        alternate POSIX capabilities library
ii  libcap2:amd64                1:2.75-10+b1                amd64        POSIX 1003.1e capabilities (library)
ii  libcap2-bin                  1:2.75-10+b1                amd64        POSIX 1003.1e capabilities (utilities)
ii  libcom-err2:amd64            1.47.2-3+b3                 amd64        common error description library
ii  libcrypt1:amd64              1:4.4.38-1                  amd64        libcrypt shared library
ii  libdb5.3t64:amd64            5.3.28+dfsg2-9              amd64        Berkeley v5.3 Database Libraries [runtime]
ii  libdebconfclient0:amd64      0.280                       amd64        Debian Configuration Management System (C-implementation library)
ii  libedit2:amd64               3.1-20250104-1              amd64        BSD editline and history libraries
ii  libelf1t64:amd64             0.192-4                     amd64        library to read and write ELF files
ii  libext2fs2t64:amd64          1.47.2-3+b3                 amd64        ext2/ext3/ext4 file system libraries
ii  libfdisk1:amd64              2.41-5                      amd64        fdisk partitioning library
ii  libgcc-s1:amd64              14.2.0-19                   amd64        GCC support library
ii  libgmp10:amd64               2:6.3.0+dfsg-3              amd64        Multiprecision arithmetic library
ii  libgssapi-krb5-2:amd64       1.21.3-5                    amd64        MIT Kerberos runtime libraries - krb5 GSS-API Mechanism
ii  libhogweed6t64:amd64         3.10.1-1                    amd64        low level cryptographic library (public-key cryptos)
ii  libidn2-0:amd64              2.3.8-2                     amd64        Internationalized domain names (IDNA2008/TR46) library
ii  libjansson4:amd64            2.14-2+b3                   amd64        C library for encoding, decoding and manipulating JSON data
ii  libk5crypto3:amd64           1.21.3-5                    amd64        MIT Kerberos runtime libraries - Crypto Library
ii  libkeyutils1:amd64           1.6.3-6                     amd64        Linux Key Management Utilities (library)
ii  libkmod2:amd64               34.2-2                      amd64        libkmod shared library
ii  libkrb5-3:amd64              1.21.3-5                    amd64        MIT Kerberos runtime libraries
ii  libkrb5support0:amd64        1.21.3-5                    amd64        MIT Kerberos runtime libraries - Support library
ii  liblastlog2-2:amd64          2.41-5                      amd64        lastlog2 database shared library
ii  liblocale-gettext-perl       1.07-7+b1                   amd64        module using libc functions for internationalization in Perl
ii  liblz4-1:amd64               1.10.0-4                    amd64        Fast LZ compression algorithm library - runtime
ii  liblzma5:amd64               5.8.1-1                     amd64        XZ-format compression library
ii  libmd0:amd64                 1.1.0-2+b1                  amd64        message digest functions from BSD systems - shared library
ii  libmnl0:amd64                1.0.5-3                     amd64        minimalistic Netlink communication library
ii  libmount1:amd64              2.41-5                      amd64        device mounting library
ii  libncursesw6:amd64           6.5+20250216-2              amd64        shared libraries for terminal handling (wide character support)
ii  libnettle8t64:amd64          3.10.1-1                    amd64        low level cryptographic library (symmetric and one-way cryptos)
ii  libnewt0.52:amd64            0.52.25-1                   amd64        Not Erik's Windowing Toolkit - text mode windowing with slang
ii  libnftables1:amd64           1.1.3-1                     amd64        Netfilter nftables high level userspace API library
ii  libnftnl11:amd64             1.2.9-1                     amd64        Netfilter nftables userspace API library
ii  libpam-modules:amd64         1.7.0-5                     amd64        Pluggable Authentication Modules for PAM
ii  libpam-modules-bin           1.7.0-5                     amd64        Pluggable Authentication Modules for PAM - helper binaries
ii  libpam-runtime               1.7.0-5                     all          Runtime support for the PAM library
ii  libpam0g:amd64               1.7.0-5                     amd64        Pluggable Authentication Modules library
ii  libpcre2-8-0:amd64           10.46-1~deb13u1             amd64        New Perl Compatible Regular Expression Library- 8 bit runtime files
ii  libpopt0:amd64               1.19+dfsg-2                 amd64        lib for parsing cmdline parameters
ii  libproc2-0:amd64             2:4.0.4-9                   amd64        library for accessing process information from /proc
ii  libreadline8t64:amd64        8.2-6                       amd64        GNU readline and history libraries, run-time libraries
ii  libseccomp2:amd64            2.6.0-2                     amd64        high level interface to Linux seccomp filter
ii  libselinux1:amd64            3.8.1-1                     amd64        SELinux runtime shared libraries
ii  libsemanage-common           3.8.1-1                     all          Common files for SELinux policy management libraries
ii  libsemanage2:amd64           3.8.1-1                     amd64        SELinux policy management library
ii  libsepol2:amd64              3.8.1-1                     amd64        SELinux library for manipulating binary security policies
ii  libslang2:amd64              2.3.3-5+b2                  amd64        S-Lang programming library - runtime version
ii  libsmartcols1:amd64          2.41-5                      amd64        smart column output alignment library
ii  libsqlite3-0:amd64           3.46.1-7                    amd64        SQLite 3 shared library
ii  libss2:amd64                 1.47.2-3+b3                 amd64        command-line interface parsing library
ii  libssl3t64:amd64             3.5.4-1~deb13u1             amd64        Secure Sockets Layer toolkit - shared libraries
ii  libstdc++6:amd64             14.2.0-19                   amd64        GNU Standard C++ Library v3
ii  libsystemd-shared:amd64      257.9-1~deb13u1             amd64        systemd shared private library
ii  libsystemd0:amd64            257.9-1~deb13u1             amd64        systemd utility library
ii  libtext-charwidth-perl:amd64 0.04-11+b4                  amd64        get display widths of characters on the terminal
ii  libtext-iconv-perl:amd64     1.7-8+b4                    amd64        module to convert between character sets in Perl
ii  libtext-wrapi18n-perl        0.06-10                     all          internationalized substitute of Text::Wrap
ii  libtinfo6:amd64              6.5+20250216-2              amd64        shared low-level terminfo library for terminal handling
ii  libtirpc-common              1.3.6+ds-1                  all          transport-independent RPC library - common files
ii  libtirpc3t64:amd64           1.3.6+ds-1                  amd64        transport-independent RPC library
ii  libudev1:amd64               257.9-1~deb13u1             amd64        libudev shared library
ii  libunistring5:amd64          1.3-2                       amd64        Unicode string library for C
ii  libuuid1:amd64               2.41-5                      amd64        Universally Unique ID library
ii  libxtables12:amd64           1.8.11-2                    amd64        netfilter xtables library
ii  libxxhash0:amd64             0.8.3-2                     amd64        shared library for xxhash
ii  libzstd1:amd64               1.5.7+dfsg-1                amd64        fast lossless compression algorithm
ii  linux-sysctl-defaults        4.12                        all          default sysctl configuration for Linux
ii  login                        1:4.16.0-2+really2.41-5     amd64        system login tools
ii  login.defs                   1:4.17.4-2                  all          system user management configuration
ii  logrotate                    3.22.0-1                    amd64        Log rotation utility
ii  logsave                      1.47.2-3+b3                 amd64        save the output of a command in a log file
ii  mawk                         1.3.4.20250131-1            amd64        Pattern scanning and text processing language
ii  mount                        2.41-5                      amd64        tools for mounting and manipulating filesystems
ii  nano                         8.4-1                       amd64        small, friendly text editor inspired by Pico
ii  ncurses-base                 6.5+20250216-2              all          basic terminal type definitions
ii  ncurses-bin                  6.5+20250216-2              amd64        terminal-related programs and man pages
ii  netbase                      6.5                         all          Basic TCP/IP networking system
ii  nftables                     1.1.3-1                     amd64        Program to control packet filtering rules by Netfilter project
ii  openssl-provider-legacy      3.5.4-1~deb13u1             amd64        Secure Sockets Layer toolkit - cryptographic utility
ii  passwd                       1:4.17.4-2                  amd64        change and administer password and group data
ii  perl-base                    5.40.1-6                    amd64        minimal Perl system
ii  procps                       2:4.0.4-9                   amd64        /proc file system utilities
ii  readline-common              8.2-6                       all          GNU readline and history libraries, common files
ii  sed                          4.9-2                       amd64        GNU stream editor for filtering/transforming text
ii  sensible-utils               0.0.25                      all          Utilities for sensible alternative selection
ii  sqv                          1.3.0-3                     amd64        OpenPGP signature verification program from Sequoia
ii  systemd                      257.9-1~deb13u1             amd64        system and service manager
ii  systemd-sysv                 257.9-1~deb13u1             amd64        system and service manager - SysV compatibility symlinks
ii  sysvinit-utils               3.14-4                      amd64        System-V-like utilities
ii  tar                          1.35+dfsg-3.1               amd64        GNU version of the tar archiving utility
ii  tzdata                       2025b-4+deb13u1             all          time zone and daylight-saving time data
ii  udev                         257.9-1~deb13u1             amd64        /dev/ and hotplug management daemon
ii  util-linux                   2.41-5                      amd64        miscellaneous system utilities
ii  vim-common                   2:9.1.1230-2                all          Vi IMproved - Common files
ii  vim-tiny                     2:9.1.1230-2                amd64        Vi IMproved - enhanced vi editor - compact version
ii  whiptail                     0.52.25-1                   amd64        Displays user-friendly dialog boxes from shell scripts
ii  zlib1g:amd64                 1:1.3.dfsg+really1.3.1-1+b1 amd64        compression library - runtime
total 0
============= END: Base system packages =============
Hit:1 http://localhost/aptly-repo/master_trixie-main trixie InRelease
Hit:2 http://localhost/aptly-repo/master_aptly-main squeeze InRelease
Hit:3 http://localhost/aptly-repo/master_deb-multimedia-main trixie InRelease
Hit:4 http://localhost/aptly-repo/master_deb-multimedia-non-free trixie InRelease
Hit:5 http://localhost/aptly-repo/master_docker-stable trixie InRelease
Hit:6 http://localhost/aptly-repo/master_google-cloud-main cloud-sdk InRelease
Hit:7 http://localhost/aptly-repo/master_google-main stable InRelease
Hit:8 http://localhost/aptly-repo/master_trixie-contrib trixie InRelease
Hit:9 http://localhost/aptly-repo/master_trixie-non-free-firmware trixie InRelease
Hit:10 http://localhost/aptly-repo/master_trixie-non-free trixie InRelease
Hit:11 http://localhost/aptly-repo/master_virtualbox-contrib trixie InRelease
Reading package lists...
W: Target Packages (main/binary-amd64/Packages) is configured multiple times in /etc/apt/sources.list:1 and /etc/apt/sources.list:9
W: Target Packages (main/binary-all/Packages) is configured multiple times in /etc/apt/sources.list:1 and /etc/apt/sources.list:9
W: Target Translations (main/i18n/Translation-en) is configured multiple times in /etc/apt/sources.list:1 and /etc/apt/sources.list:9
W: Target Packages (main/binary-amd64/Packages) is configured multiple times in /etc/apt/sources.list:1 and /etc/apt/sources.list:9
W: Target Packages (main/binary-all/Packages) is configured multiple times in /etc/apt/sources.list:1 and /etc/apt/sources.list:9
W: Target Translations (main/i18n/Translation-en) is configured multiple times in /etc/apt/sources.list:1 and /etc/apt/sources.list:9
Reading package lists...
Building dependency tree...
The following additional packages will be installed:
  dbus-bin dbus-daemon dbus-session-bus-common dbus-system-bus-common
  libdbus-1-3 libdialog15 libexpat1
Suggested packages:
  default-dbus-session-bus | dbus-session-bus
The following NEW packages will be installed:
  dbus dbus-bin dbus-daemon dbus-session-bus-common dbus-system-bus-common
  dialog libdbus-1-3 libdialog15 libexpat1
0 upgraded, 9 newly installed, 0 to remove and 0 not upgraded.
Need to get 939 kB of archives.
After this operation, 2527 kB of additional disk space will be used.
Get:1 http://localhost/aptly-repo/master_trixie-main trixie/main amd64 libdbus-1-3 amd64 1.16.2-2 [178 kB]
Get:2 http://localhost/aptly-repo/master_trixie-main trixie/main amd64 dbus-bin amd64 1.16.2-2 [80.0 kB]
Get:3 http://localhost/aptly-repo/master_trixie-main trixie/main amd64 dbus-session-bus-common all 1.16.2-2 [52.3 kB]
Get:4 http://localhost/aptly-repo/master_trixie-main trixie/main amd64 libexpat1 amd64 2.7.1-2 [108 kB]
Get:5 http://localhost/aptly-repo/master_trixie-main trixie/main amd64 dbus-daemon amd64 1.16.2-2 [159 kB]
Get:6 http://localhost/aptly-repo/master_trixie-main trixie/main amd64 dbus-system-bus-common all 1.16.2-2 [53.5 kB]
Get:7 http://localhost/aptly-repo/master_trixie-main trixie/main amd64 dbus amd64 1.16.2-2 [71.6 kB]
Get:8 http://localhost/aptly-repo/master_trixie-main trixie/main amd64 libdialog15 amd64 1.3-20250116-1 [111 kB]
Get:9 http://localhost/aptly-repo/master_trixie-main trixie/main amd64 dialog amd64 1.3-20250116-1 [126 kB]
perl: warning: Setting locale failed.
perl: warning: Please check that your locale settings:
	LANGUAGE = (unset),
	LC_ALL = (unset),
	LC_CTYPE = (unset),
	LC_NUMERIC = (unset),
	LC_COLLATE = (unset),
	LC_TIME = (unset),
	LC_MESSAGES = (unset),
	LC_MONETARY = (unset),
	LC_ADDRESS = (unset),
	LC_IDENTIFICATION = (unset),
	LC_MEASUREMENT = (unset),
	LC_PAPER = (unset),
	LC_TELEPHONE = (unset),
	LC_NAME = (unset),
	LANG = "en_US.UTF-8"
    are supported and installed on your system.
perl: warning: Falling back to the standard locale ("C").
locale: Cannot set LC_CTYPE to default locale: No such file or directory
locale: Cannot set LC_MESSAGES to default locale: No such file or directory
locale: Cannot set LC_ALL to default locale: No such file or directory
dpkg-preconfigure: unable to re-open stdin: No such file or directory
Fetched 939 kB in 0s (9449 kB/s)
E: Can not write log (Is /dev/pts mounted?) - posix_openpt (2: No such file or directory)
Selecting previously unselected package libdbus-1-3:amd64.
(Reading database ... 7796 files and directories currently installed.)
Preparing to unpack .../0-libdbus-1-3_1.16.2-2_amd64.deb ...
Unpacking libdbus-1-3:amd64 (1.16.2-2) ...
Selecting previously unselected package dbus-bin.
Preparing to unpack .../1-dbus-bin_1.16.2-2_amd64.deb ...
Unpacking dbus-bin (1.16.2-2) ...
Selecting previously unselected package dbus-session-bus-common.
Preparing to unpack .../2-dbus-session-bus-common_1.16.2-2_all.deb ...
Unpacking dbus-session-bus-common (1.16.2-2) ...
Selecting previously unselected package libexpat1:amd64.
Preparing to unpack .../3-libexpat1_2.7.1-2_amd64.deb ...
Unpacking libexpat1:amd64 (2.7.1-2) ...
Selecting previously unselected package dbus-daemon.
Preparing to unpack .../4-dbus-daemon_1.16.2-2_amd64.deb ...
Unpacking dbus-daemon (1.16.2-2) ...
Selecting previously unselected package dbus-system-bus-common.
Preparing to unpack .../5-dbus-system-bus-common_1.16.2-2_all.deb ...
Unpacking dbus-system-bus-common (1.16.2-2) ...
Selecting previously unselected package dbus.
Preparing to unpack .../6-dbus_1.16.2-2_amd64.deb ...
Unpacking dbus (1.16.2-2) ...
Selecting previously unselected package libdialog15:amd64.
Preparing to unpack .../7-libdialog15_1.3-20250116-1_amd64.deb ...
Unpacking libdialog15:amd64 (1.3-20250116-1) ...
Selecting previously unselected package dialog.
Preparing to unpack .../8-dialog_1.3-20250116-1_amd64.deb ...
Unpacking dialog (1.3-20250116-1) ...
Setting up libexpat1:amd64 (2.7.1-2) ...
Setting up libdbus-1-3:amd64 (1.16.2-2) ...
Setting up libdialog15:amd64 (1.3-20250116-1) ...
Setting up dbus-session-bus-common (1.16.2-2) ...
Setting up dbus-system-bus-common (1.16.2-2) ...
Creating group 'messagebus' with GID 991.
Creating user 'messagebus' (System Message Bus) with UID 991 and GID 991.
Setting up dbus-bin (1.16.2-2) ...
Setting up dbus-daemon (1.16.2-2) ...
Setting up dialog (1.3-20250116-1) ...
Setting up dbus (1.16.2-2) ...
Running in chroot, ignoring request.
Processing triggers for libc-bin (2.41-12) ...
Reading package lists...
Building dependency tree...
Reading state information...
The following additional packages will be installed:
  busybox dracut-install initramfs-tools initramfs-tools-bin
  initramfs-tools-core klibc-utils libklibc linux-base
  linux-image-6.12.57+deb13-amd64 live-boot-initramfs-tools rsync
Suggested packages:
  bash-completion firmware-linux-free linux-doc-6.12 debian-kernel-handbook
  grub-pc | grub-efi-amd64 | extlinux cryptsetup curlftpfs httpfs2 wget
  openssh-client openssh-server python3 python3-braceexpand
Recommended packages:
  zstd apparmor live-boot-doc live-tools uuid-runtime
The following NEW packages will be installed:
  busybox dracut-install initramfs-tools initramfs-tools-bin
  initramfs-tools-core klibc-utils libklibc linux-base
  linux-image-6.12.57+deb13-amd64 linux-image-amd64 live-boot
  live-boot-initramfs-tools rsync
0 upgraded, 13 newly installed, 0 to remove and 0 not upgraded.
Need to get 109 MB of archives.
After this operation, 114 MB of additional disk space will be used.
Get:1 http://localhost/aptly-repo/master_trixie-main trixie/main amd64 linux-base all 4.12 [25.5 kB]
Get:2 http://localhost/aptly-repo/master_trixie-main trixie/main amd64 dracut-install amd64 106-6 [37.8 kB]
Get:3 http://localhost/aptly-repo/master_trixie-main trixie/main amd64 initramfs-tools-bin amd64 0.148.3 [17.3 kB]
Get:4 http://localhost/aptly-repo/master_trixie-main trixie/main amd64 libklibc amd64 2.0.14-1 [44.8 kB]
Get:5 http://localhost/aptly-repo/master_trixie-main trixie/main amd64 klibc-utils amd64 2.0.14-1 [95.1 kB]
Get:6 http://localhost/aptly-repo/master_trixie-main trixie/main amd64 initramfs-tools-core all 0.148.3 [50.5 kB]
Get:7 http://localhost/aptly-repo/master_trixie-main trixie/main amd64 initramfs-tools all 0.148.3 [17.3 kB]
Get:8 http://localhost/aptly-repo/master_trixie-main trixie/main amd64 linux-image-6.12.57+deb13-amd64 amd64 6.12.57-1 [108 MB]
Get:9 http://localhost/aptly-repo/master_trixie-main trixie/main amd64 rsync amd64 3.4.1+ds1-5 [428 kB]
Get:10 http://localhost/aptly-repo/master_trixie-main trixie/main amd64 busybox amd64 1:1.37.0-6+b3 [485 kB]
Get:11 http://localhost/aptly-repo/master_trixie-main trixie/main amd64 linux-image-amd64 amd64 6.12.57-1 [1480 B]
Get:12 http://localhost/aptly-repo/master_trixie-main trixie/main amd64 live-boot-initramfs-tools all 1:20250815~deb13u1 [6400 B]
Get:13 http://localhost/aptly-repo/master_trixie-main trixie/main amd64 live-boot all 1:20250815~deb13u1 [31.2 kB]
perl: warning: Setting locale failed.
perl: warning: Please check that your locale settings:
	LANGUAGE = (unset),
	LC_ALL = (unset),
	LC_CTYPE = (unset),
	LC_NUMERIC = (unset),
	LC_COLLATE = (unset),
	LC_TIME = (unset),
	LC_MESSAGES = (unset),
	LC_MONETARY = (unset),
	LC_ADDRESS = (unset),
	LC_IDENTIFICATION = (unset),
	LC_MEASUREMENT = (unset),
	LC_PAPER = (unset),
	LC_TELEPHONE = (unset),
	LC_NAME = (unset),
	LANG = "en_US.UTF-8"
    are supported and installed on your system.
perl: warning: Falling back to the standard locale ("C").
locale: Cannot set LC_CTYPE to default locale: No such file or directory
locale: Cannot set LC_MESSAGES to default locale: No such file or directory
locale: Cannot set LC_ALL to default locale: No such file or directory
dpkg-preconfigure: unable to re-open stdin: No such file or directory
Fetched 109 MB in 1s (156 MB/s)
E: Can not write log (Is /dev/pts mounted?) - posix_openpt (2: No such file or directory)
Selecting previously unselected package linux-base.
(Reading database ... 8042 files and directories currently installed.)
Preparing to unpack .../0-linux-base_4.12_all.deb ...
Unpacking linux-base (4.12) ...
Selecting previously unselected package dracut-install.
Preparing to unpack .../1-dracut-install_106-6_amd64.deb ...
Unpacking dracut-install (106-6) ...
Selecting previously unselected package initramfs-tools-bin.
Preparing to unpack .../2-initramfs-tools-bin_0.148.3_amd64.deb ...
Unpacking initramfs-tools-bin (0.148.3) ...
Selecting previously unselected package libklibc:amd64.
Preparing to unpack .../3-libklibc_2.0.14-1_amd64.deb ...
Unpacking libklibc:amd64 (2.0.14-1) ...
Selecting previously unselected package klibc-utils.
Preparing to unpack .../4-klibc-utils_2.0.14-1_amd64.deb ...
Unpacking klibc-utils (2.0.14-1) ...
Selecting previously unselected package initramfs-tools-core.
Preparing to unpack .../5-initramfs-tools-core_0.148.3_all.deb ...
Unpacking initramfs-tools-core (0.148.3) ...
Selecting previously unselected package initramfs-tools.
Preparing to unpack .../6-initramfs-tools_0.148.3_all.deb ...
Unpacking initramfs-tools (0.148.3) ...
Setting up linux-base (4.12) ...
locale: Cannot set LC_CTYPE to default locale: No such file or directory
locale: Cannot set LC_MESSAGES to default locale: No such file or directory
locale: Cannot set LC_ALL to default locale: No such file or directory
Selecting previously unselected package linux-image-6.12.57+deb13-amd64.
(Reading database ... 8184 files and directories currently installed.)
Preparing to unpack .../0-linux-image-6.12.57+deb13-amd64_6.12.57-1_amd64.deb ...
Unpacking linux-image-6.12.57+deb13-amd64 (6.12.57-1) ...
Selecting previously unselected package rsync.
Preparing to unpack .../1-rsync_3.4.1+ds1-5_amd64.deb ...
Unpacking rsync (3.4.1+ds1-5) ...
Selecting previously unselected package busybox.
Preparing to unpack .../2-busybox_1%3a1.37.0-6+b3_amd64.deb ...
Unpacking busybox (1:1.37.0-6+b3) ...
Selecting previously unselected package linux-image-amd64.
Preparing to unpack .../3-linux-image-amd64_6.12.57-1_amd64.deb ...
Unpacking linux-image-amd64 (6.12.57-1) ...
Selecting previously unselected package live-boot-initramfs-tools.
Preparing to unpack .../4-live-boot-initramfs-tools_1%3a20250815~deb13u1_all.deb ...
Unpacking live-boot-initramfs-tools (1:20250815~deb13u1) ...
Selecting previously unselected package live-boot.
Preparing to unpack .../5-live-boot_1%3a20250815~deb13u1_all.deb ...
Unpacking live-boot (1:20250815~deb13u1) ...
Setting up busybox (1:1.37.0-6+b3) ...
Setting up libklibc:amd64 (2.0.14-1) ...
Setting up dracut-install (106-6) ...
Setting up klibc-utils (2.0.14-1) ...
No diversion 'diversion of /usr/share/initramfs-tools/hooks/klibc to /usr/share/initramfs-tools/hooks/klibc^i-t by klibc-utils', none removed.
Setting up rsync (3.4.1+ds1-5) ...
Running in chroot, ignoring request.
Setting up initramfs-tools-bin (0.148.3) ...
Setting up initramfs-tools-core (0.148.3) ...
Setting up initramfs-tools (0.148.3) ...
update-initramfs: deferring update (trigger activated)
Setting up linux-image-6.12.57+deb13-amd64 (6.12.57-1) ...
I: /vmlinuz.old is now a symlink to boot/vmlinuz-6.12.57+deb13-amd64
I: /initrd.img.old is now a symlink to boot/initrd.img-6.12.57+deb13-amd64
I: /vmlinuz is now a symlink to boot/vmlinuz-6.12.57+deb13-amd64
I: /initrd.img is now a symlink to boot/initrd.img-6.12.57+deb13-amd64
/etc/kernel/postinst.d/initramfs-tools:
update-initramfs: Generating /boot/initrd.img-6.12.57+deb13-amd64
W: No zstd in /usr/bin:/sbin:/bin, using gzip
live-boot: core filesystems dm-verity devices utils udev blockdev dns.
Setting up live-boot-initramfs-tools (1:20250815~deb13u1) ...
update-initramfs: deferring update (trigger activated)
Setting up linux-image-amd64 (6.12.57-1) ...
Setting up live-boot (1:20250815~deb13u1) ...
Processing triggers for initramfs-tools (0.148.3) ...
update-initramfs: Generating /boot/initrd.img-6.12.57+deb13-amd64
W: No zstd in /usr/bin:/sbin:/bin, using gzip
live-boot: core filesystems dm-verity devices utils udev blockdev dns.
'./cld' -> '/usr/local/cld'
'./cld/doc' -> '/usr/local/cld/doc'
'./cld/doc/crontab-help.txt' -> '/usr/local/cld/doc/crontab-help.txt'
'./cld/doc/readarray-help.txt' -> '/usr/local/cld/doc/readarray-help.txt'
'./cld/doc/touch-help.txt' -> '/usr/local/cld/doc/touch-help.txt'
'./cld/doc/ps-help.txt' -> '/usr/local/cld/doc/ps-help.txt'
'./cld/doc/java-help.txt' -> '/usr/local/cld/doc/java-help.txt'
'./cld/doc/network-help.txt' -> '/usr/local/cld/doc/network-help.txt'
'./cld/doc/swap-help.txt' -> '/usr/local/cld/doc/swap-help.txt'
'./cld/doc/bash-error-help.txt' -> '/usr/local/cld/doc/bash-error-help.txt'
'./cld/doc/column-help.txt' -> '/usr/local/cld/doc/column-help.txt'
'./cld/doc/bash-if-help.txt' -> '/usr/local/cld/doc/bash-if-help.txt'
'./cld/doc/timeout-help.txt' -> '/usr/local/cld/doc/timeout-help.txt'
'./cld/doc/cut-help.txt' -> '/usr/local/cld/doc/cut-help.txt'
'./cld/doc/bash-case-help.txt' -> '/usr/local/cld/doc/bash-case-help.txt'
'./cld/doc/printf-help.txt' -> '/usr/local/cld/doc/printf-help.txt'
'./cld/doc/df-help.txt' -> '/usr/local/cld/doc/df-help.txt'
'./cld/doc/device-help.txt' -> '/usr/local/cld/doc/device-help.txt'
'./cld/doc/du-help.txt' -> '/usr/local/cld/doc/du-help.txt'
'./cld/doc/locale-help.txt' -> '/usr/local/cld/doc/locale-help.txt'
'./cld/doc/ls-help.txt' -> '/usr/local/cld/doc/ls-help.txt'
'./cld/doc/dpkg-query-help.txt' -> '/usr/local/cld/doc/dpkg-query-help.txt'
'./cld/doc/tail-help.txt' -> '/usr/local/cld/doc/tail-help.txt'
'./cld/doc/tar-help.txt' -> '/usr/local/cld/doc/tar-help.txt'
'./cld/doc/tee-help.txt' -> '/usr/local/cld/doc/tee-help.txt'
'./cld/doc/ln-help.txt' -> '/usr/local/cld/doc/ln-help.txt'
'./cld/doc/date-help.txt' -> '/usr/local/cld/doc/date-help.txt'
'./cld/doc/dd-help.txt' -> '/usr/local/cld/doc/dd-help.txt'
'./cld/doc/lspci-help.txt' -> '/usr/local/cld/doc/lspci-help.txt'
'./cld/doc/cp-help.txt' -> '/usr/local/cld/doc/cp-help.txt'
'./cld/doc/bash-msg-help.txt' -> '/usr/local/cld/doc/bash-msg-help.txt'
'./cld/doc/gnupg-help.txt' -> '/usr/local/cld/doc/gnupg-help.txt'
'./cld/doc/ping-help.txt' -> '/usr/local/cld/doc/ping-help.txt'
'./cld/doc/head-help.txt' -> '/usr/local/cld/doc/head-help.txt'
'./cld/doc/partition-help.txt' -> '/usr/local/cld/doc/partition-help.txt'
'./cld/doc/paste-help.txt' -> '/usr/local/cld/doc/paste-help.txt'
'./cld/doc/gpg-help.txt' -> '/usr/local/cld/doc/gpg-help.txt'
'./cld/doc/awk-help.txt' -> '/usr/local/cld/doc/awk-help.txt'
'./cld/doc/comm-help.txt' -> '/usr/local/cld/doc/comm-help.txt'
'./cld/doc/mount-help.txt' -> '/usr/local/cld/doc/mount-help.txt'
'./cld/doc/perl-help.txt' -> '/usr/local/cld/doc/perl-help.txt'
'./cld/doc/echo-help.txt' -> '/usr/local/cld/doc/echo-help.txt'
'./cld/doc/sort-help.txt' -> '/usr/local/cld/doc/sort-help.txt'
'./cld/doc/xargs-help.txt' -> '/usr/local/cld/doc/xargs-help.txt'
'./cld/doc/file-help.txt' -> '/usr/local/cld/doc/file-help.txt'
'./cld/doc/blkid-help.txt' -> '/usr/local/cld/doc/blkid-help.txt'
'./cld/doc/grep-help.txt' -> '/usr/local/cld/doc/grep-help.txt'
'./cld/doc/tr-help.txt' -> '/usr/local/cld/doc/tr-help.txt'
'./cld/doc/numfmt-help.txt' -> '/usr/local/cld/doc/numfmt-help.txt'
'./cld/doc/cld-help.txt' -> '/usr/local/cld/doc/cld-help.txt'
'./cld/doc/rsync-help.txt' -> '/usr/local/cld/doc/rsync-help.txt'
'./cld/doc/lsb_release-help.txt' -> '/usr/local/cld/doc/lsb_release-help.txt'
'./cld/doc/apt-get-help.txt' -> '/usr/local/cld/doc/apt-get-help.txt'
'./cld/doc/wget-help.txt' -> '/usr/local/cld/doc/wget-help.txt'
'./cld/doc/pr-help.txt' -> '/usr/local/cld/doc/pr-help.txt'
'./cld/doc/split-help.txt' -> '/usr/local/cld/doc/split-help.txt'
'./cld/doc/bash-loop-help.txt' -> '/usr/local/cld/doc/bash-loop-help.txt'
'./cld/doc/sed-help.txt' -> '/usr/local/cld/doc/sed-help.txt'
'./cld/doc/dpkg-help.txt' -> '/usr/local/cld/doc/dpkg-help.txt'
'./cld/doc/systemd-help.txt' -> '/usr/local/cld/doc/systemd-help.txt'
'./cld/doc/read-help.txt' -> '/usr/local/cld/doc/read-help.txt'
'./cld/doc/cat-help.txt' -> '/usr/local/cld/doc/cat-help.txt'
'./cld/doc/bash-help.txt' -> '/usr/local/cld/doc/bash-help.txt'
'./cld/doc/find-help.txt' -> '/usr/local/cld/doc/find-help.txt'
'./cld/doc/shuf-help.txt' -> '/usr/local/cld/doc/shuf-help.txt'
'./cld/doc/bash-main-help.txt' -> '/usr/local/cld/doc/bash-main-help.txt'
'./cld/doc/sudo-help.txt' -> '/usr/local/cld/doc/sudo-help.txt'
'./cld/doc/sleep-help.txt' -> '/usr/local/cld/doc/sleep-help.txt'
'./cld/doc/export-help.txt' -> '/usr/local/cld/doc/export-help.txt'
'./cld/doc/time-help.txt' -> '/usr/local/cld/doc/time-help.txt'
'./cld/doc/fonts-help.txt' -> '/usr/local/cld/doc/fonts-help.txt'
Desired=Unknown/Install/Remove/Purge/Hold
| Status=Not/Inst/Conf-files/Unpacked/halF-conf/Half-inst/trig-aWait/Trig-pend
|/ Err?=(none)/Reinst-required (Status,Err: uppercase=bad)
||/ Name                                     Version      Architecture Description
+++-========================================-============-============-===================================
ii  linux-image-6.12.57+deb13-amd64          6.12.57-1    amd64        Linux 6.12 for 64-bit PCs (signed)
un  linux-image-6.12.57+deb13-amd64-unsigned <none>       <none>       (no description available)
ii  linux-image-amd64                        6.12.57-1    amd64        Linux for 64-bit PCs (meta-package)
un  linux-image-generic                      <none>       <none>       (no description available)
total 52796
-rw-r--r-- 1 root root       83 Nov  5 14:56 System.map-6.12.57+deb13-amd64
-rw-r--r-- 1 root root   283279 Nov  5 14:56 config-6.12.57+deb13-amd64
-rw-r--r-- 1 root root 41666101 Dec 12 19:10 initrd.img-6.12.57+deb13-amd64
-rw-r--r-- 1 root root 12101568 Nov  5 14:56 vmlinuz-6.12.57+deb13-amd64
e0a6c09212a19ed48183a052eab847e7  /boot/System.map-6.12.57+deb13-amd64
2707cb9c1555b6bade4561edc36d2f5f  /boot/config-6.12.57+deb13-amd64
c7ec7114789b33f4c59acede64198bfd  /boot/initrd.img-6.12.57+deb13-amd64
c989cd473bb982ebdf426f21bc5b2cb8  /boot/vmlinuz-6.12.57+deb13-amd64
total 48
lrwxrwxrwx   1 root root    7 Nov  7 17:40 bin -> usr/bin
drwxr-xr-x   2 root root 4096 Dec 12 19:10 boot
drwxr-xr-x   6 root root  140 Dec 12 19:09 dev
drwxr-xr-x  51 root root 4096 Dec 12 19:10 etc
drwxr-xr-x   2 root root 4096 Nov  7 17:40 home
lrwxrwxrwx   1 root root   35 Dec 12 19:10 initrd.img -> boot/initrd.img-6.12.57+deb13-amd64
lrwxrwxrwx   1 root root    7 Nov  7 17:40 lib -> usr/lib
lrwxrwxrwx   1 root root    9 Nov  7 17:40 lib64 -> usr/lib64
drwxr-xr-x   2 root root 4096 Dec 12 19:09 media
drwxr-xr-x   2 root root 4096 Dec 12 19:09 mnt
drwxr-xr-x   2 root root 4096 Dec 12 19:09 opt
dr-xr-xr-x 402 root root    0 Dec 12 19:10 proc
drwx------   4 root root 4096 Dec 12 19:10 root
drwxr-xr-x   8 root root 4096 Dec 12 19:10 run
lrwxrwxrwx   1 root root    8 Nov  7 17:40 sbin -> usr/sbin
drwxr-xr-x   2 root root 4096 Dec 12 19:09 srv
dr-xr-xr-x  13 root root    0 Dec 12 17:14 sys
drwxrwxrwt   2 root root 4096 Dec 12 19:10 tmp
drwxr-xr-x  12 root root 4096 Dec 12 19:09 usr
drwxr-xr-x  11 root root 4096 Dec 12 19:09 var
lrwxrwxrwx   1 root root   32 Dec 12 19:10 vmlinuz -> boot/vmlinuz-6.12.57+deb13-amd64
CLDS: * Generate dbus-uuidgen to /var/lib/dbus/machine-id.
CLDS: * Installed Linux image: linux-image-6.12.57+deb13-amd64.
CLDS: * Disk size = 893660K. Space Used = 278324K. Runtime = 00:00:00:29.
CLDS:>>>>>>>>> Running inst-min-con-00-oldlibs-fix-usr-is-merged.sh ...
Reading package lists...
Building dependency tree...
Reading state information...
The following NEW packages will be installed:
  usr-is-merged
0 upgraded, 1 newly installed, 0 to remove and 0 not upgraded.
Need to get 5936 B of archives.
After this operation, 16.4 kB of additional disk space will be used.
Get:1 http://localhost/aptly-repo/master_trixie-main trixie/main amd64 usr-is-merged all 39+nmu2 [5936 B]
perl: warning: Setting locale failed.
perl: warning: Please check that your locale settings:
	LANGUAGE = (unset),
	LC_ALL = (unset),
	LC_CTYPE = (unset),
	LC_NUMERIC = (unset),
	LC_COLLATE = (unset),
	LC_TIME = (unset),
	LC_MESSAGES = (unset),
	LC_MONETARY = (unset),
	LC_ADDRESS = (unset),
	LC_IDENTIFICATION = (unset),
	LC_MEASUREMENT = (unset),
	LC_PAPER = (unset),
	LC_TELEPHONE = (unset),
	LC_NAME = (unset),
	LANG = "en_US.UTF-8"
    are supported and installed on your system.
perl: warning: Falling back to the standard locale ("C").
locale: Cannot set LC_CTYPE to default locale: No such file or directory
locale: Cannot set LC_MESSAGES to default locale: No such file or directory
locale: Cannot set LC_ALL to default locale: No such file or directory
dpkg-preconfigure: unable to re-open stdin: No such file or directory
Fetched 5936 B in 0s (73.2 kB/s)
E: Can not write log (Is /dev/pts mounted?) - posix_openpt (2: No such file or directory)
Selecting previously unselected package usr-is-merged.
(Reading database ... 13471 files and directories currently installed.)
Preparing to unpack .../usr-is-merged_39+nmu2_all.deb ...
Unpacking usr-is-merged (39+nmu2) ...
Setting up usr-is-merged (39+nmu2) ...
CLDS: * Install usr-is-merged: Fix: debootstrap can't find usr-is-merged package
CLDS: * Disk size = 893708K. Space Used = 48K. Runtime = 00:00:00:00.
CLDS:>>>>>>>>> Running inst-min-con-01-apt-transport-https.sh ...
Reading package lists...
Building dependency tree...
Reading state information...
The following NEW packages will be installed:
  apt-transport-https
0 upgraded, 1 newly installed, 0 to remove and 0 not upgraded.
Need to get 38.6 kB of archives.
After this operation, 49.2 kB of additional disk space will be used.
Get:1 http://localhost/aptly-repo/master_trixie-main trixie/main amd64 apt-transport-https all 3.0.3 [38.6 kB]
perl: warning: Setting locale failed.
perl: warning: Please check that your locale settings:
	LANGUAGE = (unset),
	LC_ALL = (unset),
	LC_CTYPE = (unset),
	LC_NUMERIC = (unset),
	LC_COLLATE = (unset),
	LC_TIME = (unset),
	LC_MESSAGES = (unset),
	LC_MONETARY = (unset),
	LC_ADDRESS = (unset),
	LC_IDENTIFICATION = (unset),
	LC_MEASUREMENT = (unset),
	LC_PAPER = (unset),
	LC_TELEPHONE = (unset),
	LC_NAME = (unset),
	LANG = "en_US.UTF-8"
    are supported and installed on your system.
perl: warning: Falling back to the standard locale ("C").
locale: Cannot set LC_CTYPE to default locale: No such file or directory
locale: Cannot set LC_MESSAGES to default locale: No such file or directory
locale: Cannot set LC_ALL to default locale: No such file or directory
dpkg-preconfigure: unable to re-open stdin: No such file or directory
Fetched 38.6 kB in 0s (656 kB/s)
E: Can not write log (Is /dev/pts mounted?) - posix_openpt (2: No such file or directory)
Selecting previously unselected package apt-transport-https.
(Reading database ... 13475 files and directories currently installed.)
Preparing to unpack .../apt-transport-https_3.0.3_all.deb ...
Unpacking apt-transport-https (3.0.3) ...
Setting up apt-transport-https (3.0.3) ...
CLDS: * Install apt-transport-https to support https debian repositories.
CLDS: * Disk size = 893808K. Space Used = 100K. Runtime = 00:00:00:01.
CLDS:>>>>>>>>> Running inst-min-con-01-apt.sh ...
'preferences-local-repository' -> '/etc/apt/preferences.d/preferences-local-repository'
CLDS: * Set APT to use local repository first.
CLDS: * Set APT to skip installing recommended packages.
CLDS: * Disk size = 893824K. Space Used = 16K. Runtime = 00:00:00:00.
CLDS:>>>>>>>>> Running inst-min-con-01-debconf-utils.sh ...
Reading package lists...
Building dependency tree...
Reading state information...
The following NEW packages will be installed:
  debconf-utils
0 upgraded, 1 newly installed, 0 to remove and 0 not upgraded.
Need to get 57.0 kB of archives.
After this operation, 111 kB of additional disk space will be used.
Get:1 http://localhost/aptly-repo/master_trixie-main trixie/main amd64 debconf-utils all 1.5.91 [57.0 kB]
perl: warning: Setting locale failed.
perl: warning: Please check that your locale settings:
	LANGUAGE = (unset),
	LC_ALL = (unset),
	LC_CTYPE = (unset),
	LC_NUMERIC = (unset),
	LC_COLLATE = (unset),
	LC_TIME = (unset),
	LC_MESSAGES = (unset),
	LC_MONETARY = (unset),
	LC_ADDRESS = (unset),
	LC_IDENTIFICATION = (unset),
	LC_MEASUREMENT = (unset),
	LC_PAPER = (unset),
	LC_TELEPHONE = (unset),
	LC_NAME = (unset),
	LANG = "en_US.UTF-8"
    are supported and installed on your system.
perl: warning: Falling back to the standard locale ("C").
locale: Cannot set LC_CTYPE to default locale: No such file or directory
locale: Cannot set LC_MESSAGES to default locale: No such file or directory
locale: Cannot set LC_ALL to default locale: No such file or directory
dpkg-preconfigure: unable to re-open stdin: No such file or directory
Fetched 57.0 kB in 0s (878 kB/s)
E: Can not write log (Is /dev/pts mounted?) - posix_openpt (2: No such file or directory)
Selecting previously unselected package debconf-utils.
(Reading database ... 13479 files and directories currently installed.)
Preparing to unpack .../debconf-utils_1.5.91_all.deb ...
Unpacking debconf-utils (1.5.91) ...
Setting up debconf-utils (1.5.91) ...
CLDS: * Install debconf-utils to use debconf-set-selections.
CLDS: * Disk size = 894044K. Space Used = 220K. Runtime = 00:00:00:01.
CLDS:>>>>>>>>> Running inst-min-con-02-locale.sh ...
Reading package lists...
Building dependency tree...
Reading state information...
The following additional packages will be installed:
  libc-l10n
The following NEW packages will be installed:
  libc-l10n locales
0 upgraded, 2 newly installed, 0 to remove and 0 not upgraded.
Need to get 4664 kB of archives.
After this operation, 21.0 MB of additional disk space will be used.
Get:1 http://localhost/aptly-repo/master_trixie-main trixie/main amd64 libc-l10n all 2.41-12 [739 kB]
Get:2 http://localhost/aptly-repo/master_trixie-main trixie/main amd64 locales all 2.41-12 [3924 kB]
perl: warning: Setting locale failed.
perl: warning: Please check that your locale settings:
	LANGUAGE = (unset),
	LC_ALL = (unset),
	LC_CTYPE = (unset),
	LC_NUMERIC = (unset),
	LC_COLLATE = (unset),
	LC_TIME = (unset),
	LC_MESSAGES = (unset),
	LC_MONETARY = (unset),
	LC_ADDRESS = (unset),
	LC_IDENTIFICATION = (unset),
	LC_MEASUREMENT = (unset),
	LC_PAPER = (unset),
	LC_TELEPHONE = (unset),
	LC_NAME = (unset),
	LANG = "en_US.UTF-8"
    are supported and installed on your system.
perl: warning: Falling back to the standard locale ("C").
locale: Cannot set LC_CTYPE to default locale: No such file or directory
locale: Cannot set LC_MESSAGES to default locale: No such file or directory
locale: Cannot set LC_ALL to default locale: No such file or directory
dpkg-preconfigure: unable to re-open stdin: No such file or directory
Fetched 4664 kB in 0s (66.4 MB/s)
E: Can not write log (Is /dev/pts mounted?) - posix_openpt (2: No such file or directory)
Selecting previously unselected package libc-l10n.
(Reading database ... 13515 files and directories currently installed.)
Preparing to unpack .../libc-l10n_2.41-12_all.deb ...
Unpacking libc-l10n (2.41-12) ...
Selecting previously unselected package locales.
Preparing to unpack .../locales_2.41-12_all.deb ...
Unpacking locales (2.41-12) ...
Setting up libc-l10n (2.41-12) ...
Setting up locales (2.41-12) ...
Generating locales (this might take a while)...
Generation complete.
Generating locales (this might take a while)...
  en_US.UTF-8... done
Generation complete.
/root/.bashrc: line 22: warning: setlocale: LC_ALL: cannot change locale (en_US.UTF-8): No such file or directory
CLDS: * Install locale and set it to use en_US.UTF-8.
CLDS: * Disk size = 923020K. Space Used = 28976K. Runtime = 00:00:00:03.
CLDS:>>>>>>>>> Running inst-min-con-02-localepurge.sh ...
info: Trying to set 'localepurge/remove_no' [note] to ''
info: Loading answer for 'localepurge/remove_no'
info: Trying to set 'localepurge/verbose' [boolean] to 'false'
info: Loading answer for 'localepurge/verbose'
info: Trying to set 'localepurge/dontbothernew' [boolean] to 'false'
info: Loading answer for 'localepurge/dontbothernew'
info: Trying to set 'localepurge/nopurge' [multiselect] to 'en, en_US, en_US.UTF-8'
info: Loading answer for 'localepurge/nopurge'
info: Trying to set 'localepurge/quickndirtycalc' [boolean] to 'true'
info: Loading answer for 'localepurge/quickndirtycalc'
info: Trying to set 'localepurge/mandelete' [boolean] to 'true'
info: Loading answer for 'localepurge/mandelete'
info: Trying to set 'localepurge/showfreedspace' [boolean] to 'true'
info: Loading answer for 'localepurge/showfreedspace'
info: Trying to set 'localepurge/none_selected' [boolean] to 'false'
info: Loading answer for 'localepurge/none_selected'
info: Trying to set 'localepurge/use-dpkg-feature' [boolean] to 'true'
info: Loading answer for 'localepurge/use-dpkg-feature'
Reading package lists...
Building dependency tree...
Reading state information...
The following additional packages will be installed:
  libgdbm-compat4t64 libgdbm6t64 libperl5.40 perl perl-modules-5.40 ucf
Suggested packages:
  gdbm-l10n debfoster deborphan bleachbit perl-doc libterm-readline-gnu-perl
  | libterm-readline-perl-perl make libtap-harness-archive-perl
The following NEW packages will be installed:
  libgdbm-compat4t64 libgdbm6t64 libperl5.40 localepurge perl
  perl-modules-5.40 ucf
0 upgraded, 7 newly installed, 0 to remove and 0 not upgraded.
Need to get 7,830 kB of archives.
After this operation, 51.8 MB of additional disk space will be used.
Get:1 http://localhost/aptly-repo/master_trixie-main trixie/main amd64 perl-modules-5.40 all 5.40.1-6 [3,019 kB]
Get:2 http://localhost/aptly-repo/master_trixie-main trixie/main amd64 libgdbm6t64 amd64 1.24-2 [75.2 kB]
Get:3 http://localhost/aptly-repo/master_trixie-main trixie/main amd64 libgdbm-compat4t64 amd64 1.24-2 [50.3 kB]
Get:4 http://localhost/aptly-repo/master_trixie-main trixie/main amd64 libperl5.40 amd64 5.40.1-6 [4,341 kB]
Get:5 http://localhost/aptly-repo/master_trixie-main trixie/main amd64 perl amd64 5.40.1-6 [267 kB]
Get:6 http://localhost/aptly-repo/master_trixie-main trixie/main amd64 ucf all 3.0052 [43.3 kB]
Get:7 http://localhost/aptly-repo/master_trixie-main trixie/main amd64 localepurge all 0.7.3.11 [33.1 kB]
dpkg-preconfigure: unable to re-open stdin: No such file or directory
Fetched 7,830 kB in 0s (85.2 MB/s)
E: Can not write log (Is /dev/pts mounted?) - posix_openpt (2: No such file or directory)
Selecting previously unselected package perl-modules-5.40.
(Reading database ... 14187 files and directories currently installed.)
Preparing to unpack .../0-perl-modules-5.40_5.40.1-6_all.deb ...
Unpacking perl-modules-5.40 (5.40.1-6) ...
Selecting previously unselected package libgdbm6t64:amd64.
Preparing to unpack .../1-libgdbm6t64_1.24-2_amd64.deb ...
Unpacking libgdbm6t64:amd64 (1.24-2) ...
Selecting previously unselected package libgdbm-compat4t64:amd64.
Preparing to unpack .../2-libgdbm-compat4t64_1.24-2_amd64.deb ...
Unpacking libgdbm-compat4t64:amd64 (1.24-2) ...
Selecting previously unselected package libperl5.40:amd64.
Preparing to unpack .../3-libperl5.40_5.40.1-6_amd64.deb ...
Unpacking libperl5.40:amd64 (5.40.1-6) ...
Selecting previously unselected package perl.
Preparing to unpack .../4-perl_5.40.1-6_amd64.deb ...
Unpacking perl (5.40.1-6) ...
Selecting previously unselected package ucf.
Preparing to unpack .../5-ucf_3.0052_all.deb ...
Moving old data out of the way
Unpacking ucf (3.0052) ...
Selecting previously unselected package localepurge.
Preparing to unpack .../6-localepurge_0.7.3.11_all.deb ...
Unpacking localepurge (0.7.3.11) ...
Setting up libgdbm6t64:amd64 (1.24-2) ...
Setting up libgdbm-compat4t64:amd64 (1.24-2) ...
Setting up ucf (3.0052) ...
Setting up perl-modules-5.40 (5.40.1-6) ...
Setting up libperl5.40:amd64 (5.40.1-6) ...
Setting up perl (5.40.1-6) ...
Setting up localepurge (0.7.3.11) ...
Creating config file /etc/locale.nopurge with new version
Processing triggers for libc-bin (2.41-12) ...
CLDS: * Install localepurge to purge documentation of all languages, except en, en_US, en_US.UTF-8.
CLDS: * Reconfigure localepurge: dpkg-reconfigure localepurge
CLDS: * Disk size = 986360K. Space Used = 63340K. Runtime = 00:00:00:02.
CLDS:>>>>>>>>> Running inst-min-con-03-systemd-hooks.sh ...
'./cld/bin' -> '/usr/local/cld/bin'
'./cld/bin/partition-swap-enable.sh' -> '/usr/local/cld/bin/partition-swap-enable.sh'
'./cld/bin/partition-automount.sh' -> '/usr/local/cld/bin/partition-automount.sh'
'./cld/bin/cld-run-scripts.sh' -> '/usr/local/cld/bin/cld-run-scripts.sh'
'./cld/systemd' -> '/usr/local/cld/systemd'
'./cld/systemd/cld-systemd-start-stop.service' -> '/usr/local/cld/systemd/cld-systemd-start-stop.service'
'./cld/systemd/cld-systemd-before-shutdown-halt-reboot.sh' -> '/usr/local/cld/systemd/cld-systemd-before-shutdown-halt-reboot.sh'
'./cld/systemd/cld-systemd-after-boot.sh' -> '/usr/local/cld/systemd/cld-systemd-after-boot.sh'
'./cld/systemd/runlevel' -> '/usr/local/cld/systemd/runlevel'
'./cld/systemd/runlevel/after-boot' -> '/usr/local/cld/systemd/runlevel/after-boot'
'./cld/systemd/runlevel/after-boot/link-home-directory.sh' -> '/usr/local/cld/systemd/runlevel/after-boot/link-home-directory.sh'
'./cld/systemd/runlevel/after-boot/mount-all.sh' -> '/usr/local/cld/systemd/runlevel/after-boot/mount-all.sh'
'./cld/systemd/runlevel/before-shutdown' -> '/usr/local/cld/systemd/runlevel/before-shutdown'
'./cld/systemd/runlevel/before-shutdown/empty-placeholder.txt' -> '/usr/local/cld/systemd/runlevel/before-shutdown/empty-placeholder.txt'
'./cld/log' -> '/usr/local/cld/log'
'./cld/log/empty-placeholder.txt' -> '/usr/local/cld/log/empty-placeholder.txt'
'./cld/systemd/cld-systemd-start-stop.service' -> '/etc/systemd/system/cld-systemd-start-stop.service'
Created symlink '/etc/systemd/system/multi-user.target.wants/cld-systemd-start-stop.service' → '/etc/systemd/system/cld-systemd-start-stop.service'.
CLDS: * Add systemd hook scripts.
CLDS: * Disk size = 986432K. Space Used = 72K. Runtime = 00:00:00:01.
CLDS:>>>>>>>>> Running inst-min-con-04-block-services-start-postinstall.sh ...
CLDS: * Block services from starting after they are being installed.
CLDS: * Disk size = 986440K. Space Used = 8K. Runtime = 00:00:00:00.
CLDS:>>>>>>>>> Running inst-min-con-05-keyring-00-gnupg.sh ...
Reading package lists...
Building dependency tree...
Reading state information...
The following additional packages will be installed:
  dirmngr gnupg-l10n gpg gpg-agent gpgconf gpgsm libassuan9 libffi8
  libgcrypt20 libgnutls30t64 libgpg-error0 libksba8 libldap2 libnpth0t64
  libp11-kit0 libpsl5t64 libsasl2-2 libsasl2-modules-db libtasn1-6
  pinentry-curses
Suggested packages:
  dbus-user-session libpam-systemd pinentry-gnome3 tor gpg-wks-server
  parcimonie xloadimage scdaemon tpm2daemon rng-tools gnutls-bin pinentry-doc
Recommended packages:
  gnupg-utils gpg-wks-client gpgv libgpg-error-l10n libldap-common
  publicsuffix libsasl2-modules ca-certificates
The following NEW packages will be installed:
  dirmngr gnupg gnupg-l10n gpg gpg-agent gpgconf gpgsm libassuan9 libffi8
  libgcrypt20 libgnutls30t64 libgpg-error0 libksba8 libldap2 libnpth0t64
  libp11-kit0 libpsl5t64 libsasl2-2 libsasl2-modules-db libtasn1-6
  pinentry-curses wget
0 upgraded, 22 newly installed, 0 to remove and 0 not upgraded.
Need to get 7,366 kB of archives.
After this operation, 23.7 MB of additional disk space will be used.
Get:1 http://localhost/aptly-repo/master_trixie-main trixie/main amd64 libffi8 amd64 3.4.8-2 [24.1 kB]
Get:2 http://localhost/aptly-repo/master_trixie-main trixie/main amd64 libp11-kit0 amd64 0.25.5-3 [425 kB]
Get:3 http://localhost/aptly-repo/master_trixie-main trixie/main amd64 libtasn1-6 amd64 4.20.0-2 [49.9 kB]
Get:4 http://localhost/aptly-repo/master_trixie-main trixie/main amd64 libgnutls30t64 amd64 3.8.9-3 [1,465 kB]
Get:5 http://localhost/aptly-repo/master_trixie-main trixie/main amd64 libpsl5t64 amd64 0.21.2-1.1+b1 [57.2 kB]
Get:6 http://localhost/aptly-repo/master_trixie-main trixie/main amd64 wget amd64 1.25.0-2 [984 kB]
Get:7 http://localhost/aptly-repo/master_trixie-main trixie/main amd64 libgpg-error0 amd64 1.51-4 [82.1 kB]
Get:8 http://localhost/aptly-repo/master_trixie-main trixie/main amd64 libassuan9 amd64 3.0.2-2 [61.5 kB]
Get:9 http://localhost/aptly-repo/master_trixie-main trixie/main amd64 libgcrypt20 amd64 1.11.0-7 [843 kB]
Get:10 http://localhost/aptly-repo/master_trixie-main trixie/main amd64 gpgconf amd64 2.4.7-21+b3 [129 kB]
Get:11 http://localhost/aptly-repo/master_trixie-main trixie/main amd64 libksba8 amd64 1.6.7-2+b1 [136 kB]
Get:12 http://localhost/aptly-repo/master_trixie-main trixie/main amd64 libsasl2-modules-db amd64 2.1.28+dfsg1-9 [19.8 kB]
Get:13 http://localhost/aptly-repo/master_trixie-main trixie/main amd64 libsasl2-2 amd64 2.1.28+dfsg1-9 [57.5 kB]
Get:14 http://localhost/aptly-repo/master_trixie-main trixie/main amd64 libldap2 amd64 2.6.10+dfsg-1 [194 kB]
Get:15 http://localhost/aptly-repo/master_trixie-main trixie/main amd64 libnpth0t64 amd64 1.8-3 [23.2 kB]
Get:16 http://localhost/aptly-repo/master_trixie-main trixie/main amd64 dirmngr amd64 2.4.7-21+b3 [384 kB]
Get:17 http://localhost/aptly-repo/master_trixie-main trixie/main amd64 gnupg-l10n all 2.4.7-21 [747 kB]
Get:18 http://localhost/aptly-repo/master_trixie-main trixie/main amd64 gpg amd64 2.4.7-21+b3 [634 kB]
Get:19 http://localhost/aptly-repo/master_trixie-main trixie/main amd64 pinentry-curses amd64 1.3.1-2 [86.4 kB]
Get:20 http://localhost/aptly-repo/master_trixie-main trixie/main amd64 gpg-agent amd64 2.4.7-21+b3 [271 kB]
Get:21 http://localhost/aptly-repo/master_trixie-main trixie/main amd64 gpgsm amd64 2.4.7-21+b3 [275 kB]
Get:22 http://localhost/aptly-repo/master_trixie-main trixie/main amd64 gnupg all 2.4.7-21 [417 kB]
dpkg-preconfigure: unable to re-open stdin: No such file or directory
Fetched 7,366 kB in 0s (30.2 MB/s)
E: Can not write log (Is /dev/pts mounted?) - posix_openpt (2: No such file or directory)
Selecting previously unselected package libffi8:amd64.
(Reading database ... 16382 files and directories currently installed.)
Preparing to unpack .../00-libffi8_3.4.8-2_amd64.deb ...
Unpacking libffi8:amd64 (3.4.8-2) ...
Selecting previously unselected package libp11-kit0:amd64.
Preparing to unpack .../01-libp11-kit0_0.25.5-3_amd64.deb ...
Unpacking libp11-kit0:amd64 (0.25.5-3) ...
Selecting previously unselected package libtasn1-6:amd64.
Preparing to unpack .../02-libtasn1-6_4.20.0-2_amd64.deb ...
Unpacking libtasn1-6:amd64 (4.20.0-2) ...
Selecting previously unselected package libgnutls30t64:amd64.
Preparing to unpack .../03-libgnutls30t64_3.8.9-3_amd64.deb ...
Unpacking libgnutls30t64:amd64 (3.8.9-3) ...
Selecting previously unselected package libpsl5t64:amd64.
Preparing to unpack .../04-libpsl5t64_0.21.2-1.1+b1_amd64.deb ...
Unpacking libpsl5t64:amd64 (0.21.2-1.1+b1) ...
Selecting previously unselected package wget.
Preparing to unpack .../05-wget_1.25.0-2_amd64.deb ...
Unpacking wget (1.25.0-2) ...
Selecting previously unselected package libgpg-error0:amd64.
Preparing to unpack .../06-libgpg-error0_1.51-4_amd64.deb ...
Unpacking libgpg-error0:amd64 (1.51-4) ...
Selecting previously unselected package libassuan9:amd64.
Preparing to unpack .../07-libassuan9_3.0.2-2_amd64.deb ...
Unpacking libassuan9:amd64 (3.0.2-2) ...
Selecting previously unselected package libgcrypt20:amd64.
Preparing to unpack .../08-libgcrypt20_1.11.0-7_amd64.deb ...
Unpacking libgcrypt20:amd64 (1.11.0-7) ...
Selecting previously unselected package gpgconf.
Preparing to unpack .../09-gpgconf_2.4.7-21+b3_amd64.deb ...
Unpacking gpgconf (2.4.7-21+b3) ...
Selecting previously unselected package libksba8:amd64.
Preparing to unpack .../10-libksba8_1.6.7-2+b1_amd64.deb ...
Unpacking libksba8:amd64 (1.6.7-2+b1) ...
Selecting previously unselected package libsasl2-modules-db:amd64.
Preparing to unpack .../11-libsasl2-modules-db_2.1.28+dfsg1-9_amd64.deb ...
Unpacking libsasl2-modules-db:amd64 (2.1.28+dfsg1-9) ...
Selecting previously unselected package libsasl2-2:amd64.
Preparing to unpack .../12-libsasl2-2_2.1.28+dfsg1-9_amd64.deb ...
Unpacking libsasl2-2:amd64 (2.1.28+dfsg1-9) ...
Selecting previously unselected package libldap2:amd64.
Preparing to unpack .../13-libldap2_2.6.10+dfsg-1_amd64.deb ...
Unpacking libldap2:amd64 (2.6.10+dfsg-1) ...
Selecting previously unselected package libnpth0t64:amd64.
Preparing to unpack .../14-libnpth0t64_1.8-3_amd64.deb ...
Unpacking libnpth0t64:amd64 (1.8-3) ...
Selecting previously unselected package dirmngr.
Preparing to unpack .../15-dirmngr_2.4.7-21+b3_amd64.deb ...
Unpacking dirmngr (2.4.7-21+b3) ...
Selecting previously unselected package gnupg-l10n.
Preparing to unpack .../16-gnupg-l10n_2.4.7-21_all.deb ...
Unpacking gnupg-l10n (2.4.7-21) ...
Selecting previously unselected package gpg.
Preparing to unpack .../17-gpg_2.4.7-21+b3_amd64.deb ...
Unpacking gpg (2.4.7-21+b3) ...
Selecting previously unselected package pinentry-curses.
Preparing to unpack .../18-pinentry-curses_1.3.1-2_amd64.deb ...
Unpacking pinentry-curses (1.3.1-2) ...
Selecting previously unselected package gpg-agent.
Preparing to unpack .../19-gpg-agent_2.4.7-21+b3_amd64.deb ...
Unpacking gpg-agent (2.4.7-21+b3) ...
Selecting previously unselected package gpgsm.
Preparing to unpack .../20-gpgsm_2.4.7-21+b3_amd64.deb ...
Unpacking gpgsm (2.4.7-21+b3) ...
Selecting previously unselected package gnupg.
Preparing to unpack .../21-gnupg_2.4.7-21_all.deb ...
Unpacking gnupg (2.4.7-21) ...
Setting up libnpth0t64:amd64 (1.8-3) ...
Setting up libgpg-error0:amd64 (1.51-4) ...
Setting up libpsl5t64:amd64 (0.21.2-1.1+b1) ...
Setting up libgcrypt20:amd64 (1.11.0-7) ...
Setting up libsasl2-modules-db:amd64 (2.1.28+dfsg1-9) ...
Setting up gnupg-l10n (2.4.7-21) ...
Setting up libsasl2-2:amd64 (2.1.28+dfsg1-9) ...
Setting up libffi8:amd64 (3.4.8-2) ...
Setting up libassuan9:amd64 (3.0.2-2) ...
Setting up gpgconf (2.4.7-21+b3) ...
Setting up libtasn1-6:amd64 (4.20.0-2) ...
Setting up libldap2:amd64 (2.6.10+dfsg-1) ...
Setting up libksba8:amd64 (1.6.7-2+b1) ...
Setting up pinentry-curses (1.3.1-2) ...
Setting up gpg-agent (2.4.7-21+b3) ...
Created symlink '/etc/systemd/user/sockets.target.wants/gpg-agent-browser.socket' → '/usr/lib/systemd/user/gpg-agent-browser.socket'.
Created symlink '/etc/systemd/user/sockets.target.wants/gpg-agent-extra.socket' → '/usr/lib/systemd/user/gpg-agent-extra.socket'.
Created symlink '/etc/systemd/user/sockets.target.wants/gpg-agent-ssh.socket' → '/usr/lib/systemd/user/gpg-agent-ssh.socket'.
Created symlink '/etc/systemd/user/sockets.target.wants/gpg-agent.socket' → '/usr/lib/systemd/user/gpg-agent.socket'.
Setting up gpgsm (2.4.7-21+b3) ...
Setting up libp11-kit0:amd64 (0.25.5-3) ...
Setting up gpg (2.4.7-21+b3) ...
Created symlink '/etc/systemd/user/sockets.target.wants/keyboxd.socket' → '/usr/lib/systemd/user/keyboxd.socket'.
Setting up libgnutls30t64:amd64 (3.8.9-3) ...
Setting up wget (1.25.0-2) ...
Setting up dirmngr (2.4.7-21+b3) ...
Created symlink '/etc/systemd/user/sockets.target.wants/dirmngr.socket' → '/usr/lib/systemd/user/dirmngr.socket'.
Setting up gnupg (2.4.7-21) ...
Processing triggers for libc-bin (2.41-12) ...
CLDS: * Install gnupg to manage and create keys.
CLDS: * Disk size = 1009300K. Space Used = 22860K. Runtime = 00:00:00:03.
CLDS:>>>>>>>>> Running inst-min-con-05-keyring-aptly.sh ...
CLDS: * Disk size = 1009304K. Space Used = 4K. Runtime = 00:00:00:00.
CLDS:>>>>>>>>> Running inst-min-con-05-keyring-debmultimedia.sh ...
Reading package lists...
Building dependency tree...
Reading state information...
The following NEW packages will be installed:
  gpgv
0 upgraded, 1 newly installed, 0 to remove and 0 not upgraded.
Need to get 241 kB of archives.
After this operation, 573 kB of additional disk space will be used.
Get:1 http://localhost/aptly-repo/master_trixie-main trixie/main amd64 gpgv amd64 2.4.7-21+b3 [241 kB]
dpkg-preconfigure: unable to re-open stdin: No such file or directory
Fetched 241 kB in 0s (1,885 kB/s)
E: Can not write log (Is /dev/pts mounted?) - posix_openpt (2: No such file or directory)
Selecting previously unselected package gpgv.
(Reading database ... 16795 files and directories currently installed.)
Preparing to unpack .../gpgv_2.4.7-21+b3_amd64.deb ...
Unpacking gpgv (2.4.7-21+b3) ...
Setting up gpgv (2.4.7-21+b3) ...
Selecting previously unselected package deb-multimedia-keyring.
(Reading database ... 16803 files and directories currently installed.)
Preparing to unpack deb-multimedia-keyring_2016.8.1_all.deb ...
Unpacking deb-multimedia-keyring (2016.8.1) ...
Setting up deb-multimedia-keyring (2016.8.1) ...
Hit:1 http://localhost/aptly-repo/master_trixie-main trixie InRelease
Hit:2 http://localhost/aptly-repo/master_aptly-main squeeze InRelease
Hit:3 http://localhost/aptly-repo/master_deb-multimedia-main trixie InRelease
Hit:4 http://localhost/aptly-repo/master_deb-multimedia-non-free trixie InRelease
Hit:5 http://localhost/aptly-repo/master_docker-stable trixie InRelease
Hit:6 http://localhost/aptly-repo/master_google-cloud-main cloud-sdk InRelease
Hit:7 http://localhost/aptly-repo/master_google-main stable InRelease
Hit:8 http://localhost/aptly-repo/master_trixie-contrib trixie InRelease
Hit:9 http://localhost/aptly-repo/master_trixie-non-free-firmware trixie InRelease
Hit:10 http://localhost/aptly-repo/master_trixie-non-free trixie InRelease
Hit:11 http://localhost/aptly-repo/master_virtualbox-contrib trixie InRelease
Reading package lists...
W: Target Packages (main/binary-amd64/Packages) is configured multiple times in /etc/apt/sources.list:1 and /etc/apt/sources.list:9
W: Target Packages (main/binary-all/Packages) is configured multiple times in /etc/apt/sources.list:1 and /etc/apt/sources.list:9
W: Target Translations (main/i18n/Translation-en_US) is configured multiple times in /etc/apt/sources.list:1 and /etc/apt/sources.list:9
W: Target Translations (main/i18n/Translation-en) is configured multiple times in /etc/apt/sources.list:1 and /etc/apt/sources.list:9
W: Target Packages (main/binary-amd64/Packages) is configured multiple times in /etc/apt/sources.list:1 and /etc/apt/sources.list:9
W: Target Packages (main/binary-all/Packages) is configured multiple times in /etc/apt/sources.list:1 and /etc/apt/sources.list:9
W: Target Translations (main/i18n/Translation-en_US) is configured multiple times in /etc/apt/sources.list:1 and /etc/apt/sources.list:9
W: Target Translations (main/i18n/Translation-en) is configured multiple times in /etc/apt/sources.list:1 and /etc/apt/sources.list:9
CLDS: * Add deb-multimedia keyring.
CLDS: * Add deb-multimedia repository.
CLDS: * apt-get update
CLDS: * Disk size = 1010192K. Space Used = 888K. Runtime = 00:00:00:01.
CLDS:>>>>>>>>> Running inst-min-con-05-keyring-google.sh ...
CLDS: * Disk size = 1010196K. Space Used = 4K. Runtime = 00:00:00:01.
CLDS:>>>>>>>>> Running inst-min-con-auto-log-root.sh ...
'./cld/doc/user-help.txt' -> '/usr/local/cld/doc/user-help.txt'
CLDS: * Disk size = 1010212K. Space Used = 16K. Runtime = 00:00:00:00.
CLDS:>>>>>>>>> Running inst-min-con-cld-bashrc.sh ...
'./cld/systemd/runlevel/after-boot/bashrc.sh' -> '/usr/local/cld/systemd/runlevel/after-boot/bashrc.sh'
'./cld/bashrc.d' -> '/usr/local/cld/bashrc.d'
'./cld/bashrc.d/bashrc-fct-beep.sh' -> '/usr/local/cld/bashrc.d/bashrc-fct-beep.sh'
'./cld/bashrc.d/bashrc-cld.sh' -> '/usr/local/cld/bashrc.d/bashrc-cld.sh'
'./cld/bashrc.d/bashrc-ps1.sh' -> '/usr/local/cld/bashrc.d/bashrc-ps1.sh'
'./cld/bashrc.d/bashrc-alias.sh' -> '/usr/local/cld/bashrc.d/bashrc-alias.sh'
'./cld/bashrc.d/bashrc-fct-avgtime.sh' -> '/usr/local/cld/bashrc.d/bashrc-fct-avgtime.sh'
'./cld/bashrc.d/bashrc-fct-cdir.sh' -> '/usr/local/cld/bashrc.d/bashrc-fct-cdir.sh'
'./cld/bashrc.d/bashrc-fct-to.sh' -> '/usr/local/cld/bashrc.d/bashrc-fct-to.sh'
CLDS: * Set common settings for ~/.bashrc.
CLDS: * Disk size = 1010256K. Space Used = 44K. Runtime = 00:00:00:00.
CLDS:>>>>>>>>> Running inst-min-con-cld-dev-tools-debootstrap.sh ...
Reading package lists...
Building dependency tree...
Reading state information...
The following additional packages will be installed:
  distro-info-data
Suggested packages:
  squid-deb-proxy-client ubuntu-archive-keyring binutils xz-utils zstd shunit2
Recommended packages:
  arch-test
The following NEW packages will be installed:
  debootstrap distro-info distro-info-data
0 upgraded, 3 newly installed, 0 to remove and 0 not upgraded.
Need to get 75.8 kB of archives.
After this operation, 428 kB of additional disk space will be used.
Get:1 http://localhost/aptly-repo/master_trixie-main trixie/main amd64 distro-info-data all 0.66+deb13u1 [6,724 B]
Get:2 http://localhost/aptly-repo/master_trixie-main trixie/main amd64 distro-info amd64 1.13 [18.9 kB]
Get:3 http://localhost/aptly-repo/master_trixie-main trixie/main amd64 debootstrap all 1.0.141 [50.1 kB]
dpkg-preconfigure: unable to re-open stdin: No such file or directory
Fetched 75.8 kB in 0s (1,297 kB/s)
E: Can not write log (Is /dev/pts mounted?) - posix_openpt (2: No such file or directory)
Selecting previously unselected package distro-info-data.
(Reading database ... 16807 files and directories currently installed.)
Preparing to unpack .../distro-info-data_0.66+deb13u1_all.deb ...
Unpacking distro-info-data (0.66+deb13u1) ...
Selecting previously unselected package distro-info.
Preparing to unpack .../distro-info_1.13_amd64.deb ...
Unpacking distro-info (1.13) ...
Selecting previously unselected package debootstrap.
Preparing to unpack .../debootstrap_1.0.141_all.deb ...
Unpacking debootstrap (1.0.141) ...
Setting up distro-info-data (0.66+deb13u1) ...
Setting up distro-info (1.13) ...
Setting up debootstrap (1.0.141) ...
CLDS: * Install debootstrap allows the creation of a Debian base system in a directory.
CLDS: * Disk size = 1010776K. Space Used = 520K. Runtime = 00:00:00:01.
CLDS:>>>>>>>>> Running inst-min-con-cld-tools.sh ...
Reading package lists...
Building dependency tree...
Reading state information...
The following additional packages will be installed:
  dmsetup libdevmapper1.02.1 libparted2t64
Suggested packages:
  libparted-dev libparted-i18n parted-doc
The following NEW packages will be installed:
  dmsetup libdevmapper1.02.1 libparted2t64 parted
0 upgraded, 4 newly installed, 0 to remove and 0 not upgraded.
Need to get 557 kB of archives.
After this operation, 1,424 kB of additional disk space will be used.
Get:1 http://localhost/aptly-repo/master_trixie-main trixie/main amd64 libdevmapper1.02.1 amd64 2:1.02.205-2 [135 kB]
Get:2 http://localhost/aptly-repo/master_trixie-main trixie/main amd64 dmsetup amd64 2:1.02.205-2 [82.3 kB]
Get:3 http://localhost/aptly-repo/master_trixie-main trixie/main amd64 libparted2t64 amd64 3.6-5 [300 kB]
Get:4 http://localhost/aptly-repo/master_trixie-main trixie/main amd64 parted amd64 3.6-5 [40.2 kB]
dpkg-preconfigure: unable to re-open stdin: No such file or directory
Fetched 557 kB in 0s (7,616 kB/s)
E: Can not write log (Is /dev/pts mounted?) - posix_openpt (2: No such file or directory)
Selecting previously unselected package libdevmapper1.02.1:amd64.
(Reading database ... 16937 files and directories currently installed.)
Preparing to unpack .../libdevmapper1.02.1_2%3a1.02.205-2_amd64.deb ...
Unpacking libdevmapper1.02.1:amd64 (2:1.02.205-2) ...
Selecting previously unselected package dmsetup.
Preparing to unpack .../dmsetup_2%3a1.02.205-2_amd64.deb ...
Unpacking dmsetup (2:1.02.205-2) ...
Selecting previously unselected package libparted2t64:amd64.
Preparing to unpack .../libparted2t64_3.6-5_amd64.deb ...
Adding 'diversion of /lib/x86_64-linux-gnu/libparted.so.2 to /lib/x86_64-linux-gnu/libparted.so.2.usr-is-merged by libparted2t64'
Adding 'diversion of /lib/x86_64-linux-gnu/libparted.so.2.0.5 to /lib/x86_64-linux-gnu/libparted.so.2.0.5.usr-is-merged by libparted2t64'
Unpacking libparted2t64:amd64 (3.6-5) ...
Selecting previously unselected package parted.
Preparing to unpack .../parted_3.6-5_amd64.deb ...
Unpacking parted (3.6-5) ...
Setting up dmsetup (2:1.02.205-2) ...
Setting up libdevmapper1.02.1:amd64 (2:1.02.205-2) ...
Setting up libparted2t64:amd64 (3.6-5) ...
Removing 'diversion of /lib/x86_64-linux-gnu/libparted.so.2 to /lib/x86_64-linux-gnu/libparted.so.2.usr-is-merged by libparted2t64'
Removing 'diversion of /lib/x86_64-linux-gnu/libparted.so.2.0.5 to /lib/x86_64-linux-gnu/libparted.so.2.0.5.usr-is-merged by libparted2t64'
Setting up parted (3.6-5) ...
Processing triggers for initramfs-tools (0.148.3) ...
update-initramfs: Generating /boot/initrd.img-6.12.57+deb13-amd64
W: No zstd in /usr/bin:/sbin:/bin, using gzip
live-boot: core filesystems dm-verity devices utils udev blockdev dns.
Processing triggers for libc-bin (2.41-12) ...
Reading package lists...
Building dependency tree...
Reading state information...
util-linux is already the newest version (2.41-5).
0 upgraded, 0 newly installed, 0 to remove and 0 not upgraded.
'./cld/bin/cld-dpkg-list.sh' -> '/usr/local/cld/bin/cld-dpkg-list.sh'
'./cld/bin/cld-lsmodules.sh' -> '/usr/local/cld/bin/cld-lsmodules.sh'
'./cld/bin/cld-list-icons.sh' -> '/usr/local/cld/bin/cld-list-icons.sh'
'./cld/bin/cld-persistence.sh' -> '/usr/local/cld/bin/cld-persistence.sh'
'./cld/bin/readme.md' -> '/usr/local/cld/bin/readme.md'
'./cld/bin/cld-remaster.sh' -> '/usr/local/cld/bin/cld-remaster.sh'
'./cld/bin/cld-dd-usb.sh' -> '/usr/local/cld/bin/cld-dd-usb.sh'
'./cld/bin/cld-mkiso.sh' -> '/usr/local/cld/bin/cld-mkiso.sh'
'./cld/bin/cld-dirs-create.sh' -> '/usr/local/cld/bin/cld-dirs-create.sh'
'./cld/bin/cld-help.sh' -> '/usr/local/cld/bin/cld-help.sh'
CLDS: * Disk size = 1013180K. Space Used = 2404K. Runtime = 00:00:00:09.
CLDS:>>>>>>>>> Running inst-min-con-compressors.sh ...
Reading package lists...
Building dependency tree...
Reading state information...
Suggested packages:
  bzip2-doc
The following NEW packages will be installed:
  bzip2
0 upgraded, 1 newly installed, 0 to remove and 0 not upgraded.
Need to get 40.5 kB of archives.
After this operation, 116 kB of additional disk space will be used.
Get:1 http://localhost/aptly-repo/master_trixie-main trixie/main amd64 bzip2 amd64 1.0.8-6 [40.5 kB]
dpkg-preconfigure: unable to re-open stdin: No such file or directory
Fetched 40.5 kB in 0s (827 kB/s)
E: Can not write log (Is /dev/pts mounted?) - posix_openpt (2: No such file or directory)
Selecting previously unselected package bzip2.
(Reading database ... 16970 files and directories currently installed.)
Preparing to unpack .../bzip2_1.0.8-6_amd64.deb ...
Unpacking bzip2 (1.0.8-6) ...
Setting up bzip2 (1.0.8-6) ...
Reading package lists...
Building dependency tree...
Reading state information...
Suggested packages:
  unrar
The following NEW packages will be installed:
  rar
0 upgraded, 1 newly installed, 0 to remove and 0 not upgraded.
Need to get 428 kB of archives.
After this operation, 1,676 kB of additional disk space will be used.
Get:1 http://localhost/aptly-repo/master_trixie-non-free trixie/non-free amd64 rar amd64 2:7.11-1 [428 kB]
dpkg-preconfigure: unable to re-open stdin: No such file or directory
Fetched 428 kB in 5s (84.6 kB/s)
E: Can not write log (Is /dev/pts mounted?) - posix_openpt (2: No such file or directory)
Selecting previously unselected package rar.
(Reading database ... 16998 files and directories currently installed.)
Preparing to unpack .../rar_2%3a7.11-1_amd64.deb ...
Unpacking rar (2:7.11-1) ...
Setting up rar (2:7.11-1) ...
Reading package lists...
Building dependency tree...
Reading state information...
The following NEW packages will be installed:
  unrar
0 upgraded, 1 newly installed, 0 to remove and 0 not upgraded.
Need to get 175 kB of archives.
After this operation, 426 kB of additional disk space will be used.
Get:1 http://localhost/aptly-repo/master_trixie-non-free trixie/non-free amd64 unrar amd64 1:7.1.8-1 [175 kB]
dpkg-preconfigure: unable to re-open stdin: No such file or directory
Fetched 175 kB in 0s (5,112 kB/s)
E: Can not write log (Is /dev/pts mounted?) - posix_openpt (2: No such file or directory)
Selecting previously unselected package unrar.
(Reading database ... 17014 files and directories currently installed.)
Preparing to unpack .../unrar_1%3a7.1.8-1_amd64.deb ...
Unpacking unrar (1:7.1.8-1) ...
Setting up unrar (1:7.1.8-1) ...
update-alternatives: using /usr/bin/unrar-nonfree to provide /usr/bin/unrar (unrar) in auto mode
Reading package lists...
Building dependency tree...
Reading state information...
Recommended packages:
  unzip
The following NEW packages will be installed:
  zip
0 upgraded, 1 newly installed, 0 to remove and 0 not upgraded.
Need to get 235 kB of archives.
After this operation, 642 kB of additional disk space will be used.
Get:1 http://localhost/aptly-repo/master_trixie-main trixie/main amd64 zip amd64 3.0-15 [235 kB]
dpkg-preconfigure: unable to re-open stdin: No such file or directory
Fetched 235 kB in 0s (5,773 kB/s)
E: Can not write log (Is /dev/pts mounted?) - posix_openpt (2: No such file or directory)
Selecting previously unselected package zip.
(Reading database ... 17021 files and directories currently installed.)
Preparing to unpack .../archives/zip_3.0-15_amd64.deb ...
Unpacking zip (3.0-15) ...
Setting up zip (3.0-15) ...
Reading package lists...
Building dependency tree...
Reading state information...
The following NEW packages will be installed:
  unzip
0 upgraded, 1 newly installed, 0 to remove and 0 not upgraded.
Need to get 173 kB of archives.
After this operation, 396 kB of additional disk space will be used.
Get:1 http://localhost/aptly-repo/master_trixie-main trixie/main amd64 unzip amd64 6.0-29 [173 kB]
dpkg-preconfigure: unable to re-open stdin: No such file or directory
Fetched 173 kB in 0s (3,567 kB/s)
E: Can not write log (Is /dev/pts mounted?) - posix_openpt (2: No such file or directory)
Selecting previously unselected package unzip.
(Reading database ... 17036 files and directories currently installed.)
Preparing to unpack .../unzip_6.0-29_amd64.deb ...
Unpacking unzip (6.0-29) ...
Setting up unzip (6.0-29) ...
Reading package lists...
Building dependency tree...
Reading state information...
The following additional packages will be installed:
  7zip
Suggested packages:
  7zip-standalone 7zip-rar
The following NEW packages will be installed:
  7zip p7zip-full
0 upgraded, 2 newly installed, 0 to remove and 0 not upgraded.
Need to get 1,578 kB of archives.
After this operation, 7,219 kB of additional disk space will be used.
Get:1 http://localhost/aptly-repo/master_trixie-main trixie/main amd64 7zip amd64 25.01+dfsg-1~deb13u1 [1,575 kB]
Get:2 http://localhost/aptly-repo/master_trixie-main trixie/main amd64 p7zip-full all 16.02+transitional.1 [2,560 B]
dpkg-preconfigure: unable to re-open stdin: No such file or directory
Fetched 1,578 kB in 0s (28.7 MB/s)
E: Can not write log (Is /dev/pts mounted?) - posix_openpt (2: No such file or directory)
Selecting previously unselected package 7zip.
(Reading database ... 17054 files and directories currently installed.)
Preparing to unpack .../7zip_25.01+dfsg-1~deb13u1_amd64.deb ...
Unpacking 7zip (25.01+dfsg-1~deb13u1) ...
Selecting previously unselected package p7zip-full.
Preparing to unpack .../p7zip-full_16.02+transitional.1_all.deb ...
Unpacking p7zip-full (16.02+transitional.1) ...
Setting up 7zip (25.01+dfsg-1~deb13u1) ...
Setting up p7zip-full (16.02+transitional.1) ...
Reading package lists...
Building dependency tree...
Reading state information...
The following NEW packages will be installed:
  zpaq
0 upgraded, 1 newly installed, 0 to remove and 0 not upgraded.
Need to get 157 kB of archives.
After this operation, 396 kB of additional disk space will be used.
Get:1 http://localhost/aptly-repo/master_trixie-main trixie/main amd64 zpaq amd64 7.15+repack-1 [157 kB]
dpkg-preconfigure: unable to re-open stdin: No such file or directory
Fetched 157 kB in 0s (3,655 kB/s)
E: Can not write log (Is /dev/pts mounted?) - posix_openpt (2: No such file or directory)
Selecting previously unselected package zpaq.
(Reading database ... 17081 files and directories currently installed.)
Preparing to unpack .../zpaq_7.15+repack-1_amd64.deb ...
Unpacking zpaq (7.15+repack-1) ...
Setting up zpaq (7.15+repack-1) ...
'./cld/bashrc.d/bashrc-fct-extract.sh' -> '/usr/local/cld/bashrc.d/bashrc-fct-extract.sh'
'./cld/doc/zip-help.txt' -> '/usr/local/cld/doc/zip-help.txt'
'./cld/doc/rar-help.txt' -> '/usr/local/cld/doc/rar-help.txt'
'./cld/doc/7zip-help.txt' -> '/usr/local/cld/doc/7zip-help.txt'
CLDS: * Install de/compressor: bzip2.
CLDS: * Install de/compressor: rar.
CLDS: * Install de/compressor: unrar.
CLDS: * Install de/compressor: zip.
CLDS: * Install de/compressor: unzip.
CLDS: * Install de/compressor: p7zip.
CLDS: * Install de/compressor: zpaq.
CLDS: * Add universal extractor: extract.sh.
CLDS: * Disk size = 1026772K. Space Used = 13592K. Runtime = 00:00:00:07.
CLDS:>>>>>>>>> Running inst-min-con-dircolors.sh ...
'./cld/app' -> '/usr/local/cld/app'
'./cld/app/dircolors' -> '/usr/local/cld/app/dircolors'
'./cld/app/dircolors/dircolors-gnu-ls-colors.txt' -> '/usr/local/cld/app/dircolors/dircolors-gnu-ls-colors.txt'
'./cld/bashrc.d/bashrc-dircolors.sh' -> '/usr/local/cld/bashrc.d/bashrc-dircolors.sh'
CLDS: * Set dircolors to use  to make ls more beautiful.
CLDS: * Disk size = 1026796K. Space Used = 24K. Runtime = 00:00:00:00.
CLDS:>>>>>>>>> Running inst-min-con-filesystem-btrfs-progs.sh ...
Reading package lists...
Building dependency tree...
Reading state information...
The following additional packages will be installed:
  liblzo2-2 libreiserfscore0t64
Suggested packages:
  duperemove
The following NEW packages will be installed:
  btrfs-progs liblzo2-2 libreiserfscore0t64
0 upgraded, 3 newly installed, 0 to remove and 0 not upgraded.
Need to get 1,044 kB of archives.
After this operation, 5,670 kB of additional disk space will be used.
Get:1 http://localhost/aptly-repo/master_trixie-main trixie/main amd64 liblzo2-2 amd64 2.10-3+b1 [55.1 kB]
Get:2 http://localhost/aptly-repo/master_trixie-main trixie/main amd64 libreiserfscore0t64 amd64 1:3.6.27-9 [80.7 kB]
Get:3 http://localhost/aptly-repo/master_trixie-main trixie/main amd64 btrfs-progs amd64 6.14-1 [908 kB]
dpkg-preconfigure: unable to re-open stdin: No such file or directory
Fetched 1,044 kB in 0s (28.4 MB/s)
E: Can not write log (Is /dev/pts mounted?) - posix_openpt (2: No such file or directory)
Selecting previously unselected package liblzo2-2:amd64.
(Reading database ... 17087 files and directories currently installed.)
Preparing to unpack .../liblzo2-2_2.10-3+b1_amd64.deb ...
Unpacking liblzo2-2:amd64 (2.10-3+b1) ...
Selecting previously unselected package libreiserfscore0t64.
Preparing to unpack .../libreiserfscore0t64_1%3a3.6.27-9_amd64.deb ...
Unpacking libreiserfscore0t64 (1:3.6.27-9) ...
Selecting previously unselected package btrfs-progs.
Preparing to unpack .../btrfs-progs_6.14-1_amd64.deb ...
Unpacking btrfs-progs (6.14-1) ...
Setting up libreiserfscore0t64 (1:3.6.27-9) ...
Setting up liblzo2-2:amd64 (2.10-3+b1) ...
Setting up btrfs-progs (6.14-1) ...
Processing triggers for initramfs-tools (0.148.3) ...
update-initramfs: Generating /boot/initrd.img-6.12.57+deb13-amd64
W: No zstd in /usr/bin:/sbin:/bin, using gzip
live-boot: core filesystems dm-verity devices utils udev blockdev dns.
Processing triggers for libc-bin (2.41-12) ...
'./cld/doc/btrfs-help.txt' -> '/usr/local/cld/doc/btrfs-help.txt'
CLDS: * Install btrfs-progs.
CLDS: * Disk size = 1034048K. Space Used = 7252K. Runtime = 00:00:00:08.
CLDS:>>>>>>>>> Running inst-min-con-filesystem-dosfstools.sh ...
Reading package lists...
Building dependency tree...
Reading state information...
The following NEW packages will be installed:
  dosfstools
0 upgraded, 1 newly installed, 0 to remove and 0 not upgraded.
Need to get 133 kB of archives.
After this operation, 317 kB of additional disk space will be used.
Get:1 http://localhost/aptly-repo/master_trixie-main trixie/main amd64 dosfstools amd64 4.2-1.2 [133 kB]
dpkg-preconfigure: unable to re-open stdin: No such file or directory
Fetched 133 kB in 0s (2,769 kB/s)
E: Can not write log (Is /dev/pts mounted?) - posix_openpt (2: No such file or directory)
Selecting previously unselected package dosfstools.
(Reading database ... 17151 files and directories currently installed.)
Preparing to unpack .../dosfstools_4.2-1.2_amd64.deb ...
Unpacking dosfstools (4.2-1.2) ...
Setting up dosfstools (4.2-1.2) ...
CLDS: * Install dosfstools to read and write on FAT32.
CLDS: * Disk size = 1034520K. Space Used = 472K. Runtime = 00:00:00:01.
CLDS:>>>>>>>>> Running inst-min-con-filesystem-exfat.sh ...
Reading package lists...
Building dependency tree...
Reading state information...
The following additional packages will be installed:
  libfuse3-4
Suggested packages:
  fuse3
Recommended packages:
  exfatprogs
The following NEW packages will be installed:
  exfat-fuse libfuse3-4
0 upgraded, 2 newly installed, 0 to remove and 0 not upgraded.
Need to get 129 kB of archives.
After this operation, 409 kB of additional disk space will be used.
Get:1 http://localhost/aptly-repo/master_trixie-main trixie/main amd64 libfuse3-4 amd64 3.17.2-3 [98.7 kB]
Get:2 http://localhost/aptly-repo/master_trixie-main trixie/main amd64 exfat-fuse amd64 1.4.0-3+b1 [30.1 kB]
dpkg-preconfigure: unable to re-open stdin: No such file or directory
Fetched 129 kB in 0s (3,959 kB/s)
E: Can not write log (Is /dev/pts mounted?) - posix_openpt (2: No such file or directory)
Selecting previously unselected package libfuse3-4:amd64.
(Reading database ... 17185 files and directories currently installed.)
Preparing to unpack .../libfuse3-4_3.17.2-3_amd64.deb ...
Unpacking libfuse3-4:amd64 (3.17.2-3) ...
Selecting previously unselected package exfat-fuse.
Preparing to unpack .../exfat-fuse_1.4.0-3+b1_amd64.deb ...
Unpacking exfat-fuse (1.4.0-3+b1) ...
Setting up libfuse3-4:amd64 (3.17.2-3) ...
Setting up exfat-fuse (1.4.0-3+b1) ...
Processing triggers for libc-bin (2.41-12) ...
CLDS: * Install exfat-fuse so that you can read and write SD cards and USB keys.
CLDS: * Disk size = 1035108K. Space Used = 588K. Runtime = 00:00:00:00.
CLDS:>>>>>>>>> Running inst-min-con-filesystem-hfsprogs.sh ...
Reading package lists...
Building dependency tree...
Reading state information...
The following NEW packages will be installed:
  hfsprogs
0 upgraded, 1 newly installed, 0 to remove and 0 not upgraded.
Need to get 155 kB of archives.
After this operation, 403 kB of additional disk space will be used.
Get:1 http://localhost/aptly-repo/master_trixie-non-free trixie/non-free amd64 hfsprogs amd64 540.1.linux3-6 [155 kB]
dpkg-preconfigure: unable to re-open stdin: No such file or directory
Fetched 155 kB in 0s (1,486 kB/s)
E: Can not write log (Is /dev/pts mounted?) - posix_openpt (2: No such file or directory)
Selecting previously unselected package hfsprogs.
(Reading database ... 17203 files and directories currently installed.)
Preparing to unpack .../hfsprogs_540.1.linux3-6_amd64.deb ...
Unpacking hfsprogs (540.1.linux3-6) ...
Setting up hfsprogs (540.1.linux3-6) ...
CLDS: * Install hfsprogs.
CLDS: * Disk size = 1035672K. Space Used = 564K. Runtime = 00:00:00:01.
CLDS:>>>>>>>>> Running inst-min-con-filesystem-ntfs-3g.sh ...
Reading package lists...
Building dependency tree...
Reading state information...
The following additional packages will be installed:
  fuse3 libntfs-3g89t64
The following NEW packages will be installed:
  fuse3 libntfs-3g89t64 ntfs-3g
0 upgraded, 3 newly installed, 0 to remove and 0 not upgraded.
Need to get 616 kB of archives.
After this operation, 2,025 kB of additional disk space will be used.
Get:1 http://localhost/aptly-repo/master_trixie-main trixie/main amd64 fuse3 amd64 3.17.2-3 [41.3 kB]
Get:2 http://localhost/aptly-repo/master_trixie-main trixie/main amd64 libntfs-3g89t64 amd64 1:2022.10.3-5 [166 kB]
Get:3 http://localhost/aptly-repo/master_trixie-main trixie/main amd64 ntfs-3g amd64 1:2022.10.3-5 [409 kB]
dpkg-preconfigure: unable to re-open stdin: No such file or directory
Fetched 616 kB in 0s (4,851 kB/s)
E: Can not write log (Is /dev/pts mounted?) - posix_openpt (2: No such file or directory)
Selecting previously unselected package fuse3.
(Reading database ... 17217 files and directories currently installed.)
Preparing to unpack .../fuse3_3.17.2-3_amd64.deb ...
Adding 'diversion of /bin/fusermount to /bin/fusermount.usr-is-merged by fuse3'
Adding 'diversion of /sbin/mount.fuse to /sbin/mount.fuse.usr-is-merged by fuse3'
Unpacking fuse3 (3.17.2-3) ...
Selecting previously unselected package libntfs-3g89t64:amd64.
Preparing to unpack .../libntfs-3g89t64_1%3a2022.10.3-5_amd64.deb ...
Adding 'diversion of /lib/x86_64-linux-gnu/libntfs-3g.so.89 to /lib/x86_64-linux-gnu/libntfs-3g.so.89.usr-is-merged by libntfs-3g89t64'
Adding 'diversion of /lib/x86_64-linux-gnu/libntfs-3g.so.89.0.0 to /lib/x86_64-linux-gnu/libntfs-3g.so.89.0.0.usr-is-merged by libntfs-3g89t64'
Unpacking libntfs-3g89t64:amd64 (1:2022.10.3-5) ...
Selecting previously unselected package ntfs-3g.
Preparing to unpack .../ntfs-3g_1%3a2022.10.3-5_amd64.deb ...
Unpacking ntfs-3g (1:2022.10.3-5) ...
Setting up libntfs-3g89t64:amd64 (1:2022.10.3-5) ...
Removing 'diversion of /lib/x86_64-linux-gnu/libntfs-3g.so.89 to /lib/x86_64-linux-gnu/libntfs-3g.so.89.usr-is-merged by libntfs-3g89t64'
Removing 'diversion of /lib/x86_64-linux-gnu/libntfs-3g.so.89.0.0 to /lib/x86_64-linux-gnu/libntfs-3g.so.89.0.0.usr-is-merged by libntfs-3g89t64'
Setting up fuse3 (3.17.2-3) ...
Removing 'diversion of /bin/fusermount to /bin/fusermount.usr-is-merged by fuse3'
Removing 'diversion of /sbin/mount.fuse to /sbin/mount.fuse.usr-is-merged by fuse3'
update-initramfs: deferring update (trigger activated)
Setting up ntfs-3g (1:2022.10.3-5) ...
Processing triggers for libc-bin (2.41-12) ...
Processing triggers for initramfs-tools (0.148.3) ...
update-initramfs: Generating /boot/initrd.img-6.12.57+deb13-amd64
W: No zstd in /usr/bin:/sbin:/bin, using gzip
live-boot: core filesystems dm-verity devices utils udev blockdev dns.
CLDS: * Install support for NTFS: ntfs-3g.
CLDS: * Disk size = 1038724K. Space Used = 3052K. Runtime = 00:00:00:09.
CLDS:>>>>>>>>> Running inst-min-con-firmware-cpu.sh ...
Reading package lists...
Building dependency tree...
Reading state information...
The following NEW packages will be installed:
  amd64-microcode
0 upgraded, 1 newly installed, 0 to remove and 0 not upgraded.
Need to get 278 kB of archives.
After this operation, 715 kB of additional disk space will be used.
Get:1 http://localhost/aptly-repo/master_trixie-non-free-firmware trixie/non-free-firmware amd64 amd64-microcode amd64 3.20250311.1 [278 kB]
dpkg-preconfigure: unable to re-open stdin: No such file or directory
Fetched 278 kB in 0s (3,041 kB/s)
E: Can not write log (Is /dev/pts mounted?) - posix_openpt (2: No such file or directory)
Selecting previously unselected package amd64-microcode.
(Reading database ... 17305 files and directories currently installed.)
Preparing to unpack .../amd64-microcode_3.20250311.1_amd64.deb ...
Unpacking amd64-microcode (3.20250311.1) ...
Setting up amd64-microcode (3.20250311.1) ...
amd64-microcode: microcode will be updated at next boot
Processing triggers for initramfs-tools (0.148.3) ...
update-initramfs: Generating /boot/initrd.img-6.12.57+deb13-amd64
W: No zstd in /usr/bin:/sbin:/bin, using gzip
live-boot: core filesystems dm-verity devices utils udev blockdev dns.
Reading package lists...
Building dependency tree...
Reading state information...
The following NEW packages will be installed:
  intel-microcode iucode-tool
0 upgraded, 2 newly installed, 0 to remove and 0 not upgraded.
Need to get 11.6 MB of archives.
After this operation, 19.9 MB of additional disk space will be used.
Get:1 http://localhost/aptly-repo/master_trixie-main trixie/main amd64 iucode-tool amd64 2.3.1-3 [56.1 kB]
Get:2 http://localhost/aptly-repo/master_trixie-non-free-firmware trixie/non-free-firmware amd64 intel-microcode amd64 3.20250812.1~deb13u1 [11.5 MB]
dpkg-preconfigure: unable to re-open stdin: No such file or directory
Fetched 11.6 MB in 0s (103 MB/s)
E: Can not write log (Is /dev/pts mounted?) - posix_openpt (2: No such file or directory)
Selecting previously unselected package iucode-tool.
(Reading database ... 17331 files and directories currently installed.)
Preparing to unpack .../iucode-tool_2.3.1-3_amd64.deb ...
Unpacking iucode-tool (2.3.1-3) ...
Selecting previously unselected package intel-microcode.
Preparing to unpack .../intel-microcode_3.20250812.1~deb13u1_amd64.deb ...
Unpacking intel-microcode (3.20250812.1~deb13u1) ...
Setting up iucode-tool (2.3.1-3) ...
Setting up intel-microcode (3.20250812.1~deb13u1) ...
intel-microcode: microcode will be updated at next boot
Processing triggers for initramfs-tools (0.148.3) ...
update-initramfs: Generating /boot/initrd.img-6.12.57+deb13-amd64
W: No zstd in /usr/bin:/sbin:/bin, using gzip
live-boot: core filesystems dm-verity devices utils udev blockdev dns.
CLDS: * Install CPU firmware: amd64-microcode.
CLDS: * Install CPU firmware: intel-microcode.
CLDS: * Disk size = 1083524K. Space Used = 44800K. Runtime = 00:00:00:19.
CLDS:>>>>>>>>> Running inst-min-con-firmware-net-b43-installer.sh ...
Reading package lists...
Building dependency tree...
Reading state information...
The following NEW packages will be installed:
  b43-fwcutter
0 upgraded, 1 newly installed, 0 to remove and 0 not upgraded.
Need to get 26.3 kB of archives.
After this operation, 99.3 kB of additional disk space will be used.
Get:1 http://localhost/aptly-repo/master_trixie-contrib trixie/contrib amd64 b43-fwcutter amd64 1:019-14 [26.3 kB]
dpkg-preconfigure: unable to re-open stdin: No such file or directory
Fetched 26.3 kB in 0s (699 kB/s)
E: Can not write log (Is /dev/pts mounted?) - posix_openpt (2: No such file or directory)
Selecting previously unselected package b43-fwcutter.
(Reading database ... 17481 files and directories currently installed.)
Preparing to unpack .../b43-fwcutter_1%3a019-14_amd64.deb ...
Unpacking b43-fwcutter (1:019-14) ...
Setting up b43-fwcutter (1:019-14) ...
broadcom-wl-5.100.138/
broadcom-wl-5.100.138/linux/
broadcom-wl-5.100.138/linux/wl_apsta.o
broadcom-wl-5.100.138/linux/wl_ap.o
broadcom-wl-5.100.138/linux/wl_sta.o
broadcom-wl-5.100.138/README
broadcom-wl-5.100.138/config/
broadcom-wl-5.100.138/config/wlconfig_lx_shared
broadcom-wl-5.100.138/config/wl.mk
broadcom-wl-5.100.138/config/wl_default
broadcom-wl-5.100.138/config/wl_hnd
broadcom-wl-5.100.138/config/wlconfig_nomimo
This file is recognised as:
  filename   :  wl_apsta.o
  version    :  666.2
  MD5        :  e1b05e268bcdbfef3560c28fc161f30e
Extracting b43/lp0initvals14.fw
Extracting b43/lcn0bsinitvals25.fw
Extracting b43/n0bsinitvals25.fw
Extracting b43/n0bsinitvals17.fw
Extracting b43/ucode17_mimo.fw
Extracting b43/ucode16_lp.fw
Extracting b43/sslpn1initvals27.fw
Extracting b43/lp2bsinitvals19.fw
Extracting b43/sslpn3bsinitvals21.fw
Extracting b43/ucode16_sslpn.fw
  ucode time:     01:15:07
Extracting b43/ucode25_lcn.fw
Extracting b43/ucode21_sslpn.fw
Extracting b43/lp0bsinitvals14.fw
Extracting b43/b0g0initvals9.fw
Extracting b43/ucode20_sslpn.fw
Extracting b43/a0g1bsinitvals9.fw
Extracting b43/lp1initvals20.fw
Extracting b43/b0g0bsinitvals13.fw
Extracting b43/lp2initvals19.fw
Extracting b43/n2bsinitvals19.fw
Extracting b43/sslpn4bsinitvals22.fw
Extracting b43/ucode16_sslpn_nobt.fw
  ucode date:     2011-02-23
Extracting b43/n1bsinitvals20.fw
Extracting b43/n1initvals20.fw
Extracting b43/b0g0bsinitvals5.fw
Extracting b43/ucode22_sslpn.fw
Extracting b43/b0g0initvals13.fw
Extracting b43/ht0initvals26.fw
Extracting b43/ucode33_lcn40.fw
Extracting b43/sslpn1bsinitvals20.fw
Extracting b43/lcn400bsinitvals33.fw
Extracting b43/ucode14.fw
Extracting b43/a0g0initvals5.fw
Extracting b43/lp1bsinitvals22.fw
Extracting b43/n16initvals30.fw
Extracting b43/lp0bsinitvals16.fw
Extracting b43/lcn1bsinitvals25.fw
Extracting b43/lcn400initvals33.fw
Extracting b43/n0bsinitvals24.fw
Extracting b43/lcn2bsinitvals26.fw
Extracting b43/lcn1initvals26.fw
Extracting b43/n0bsinitvals22.fw
Extracting b43/n18initvals32.fw
Extracting b43/lcn2initvals26.fw
Extracting b43/a0g1bsinitvals5.fw
Extracting b43/n0bsinitvals11.fw
Extracting b43/lcn2initvals24.fw
Extracting b43/lcn0initvals26.fw
Extracting b43/n0absinitvals11.fw
Extracting b43/ucode21_sslpn_nobt.fw
  ucode time:     01:15:07
Extracting b43/ucode26_mimo.fw
Extracting b43/n2initvals19.fw
Extracting b43/sslpn3initvals21.fw
Extracting b43/a0g1bsinitvals13.fw
Extracting b43/sslpn4initvals22.fw
Extracting b43/pcm5.fw
Extracting b43/ucode22_mimo.fw
Extracting b43/ucode9.fw
Extracting b43/lcn2initvals25.fw
Extracting b43/lp1initvals22.fw
Extracting b43/sslpn1bsinitvals27.fw
Extracting b43/lcn0initvals24.fw
Extracting b43/ucode32_mimo.fw
Extracting b43/a0g0bsinitvals9.fw
Extracting b43/n18bsinitvals32.fw
Extracting b43/n0initvals24.fw
Extracting b43/n0initvals25.fw
Extracting b43/a0g1initvals5.fw
Extracting b43/ucode24_lcn.fw
Extracting b43/n0initvals17.fw
Extracting b43/n0bsinitvals16.fw
Extracting b43/lp0initvals15.fw
Extracting b43/b0g0initvals5.fw
Extracting b43/ucode20_sslpn_nobt.fw
Extracting b43/lcn1initvals24.fw
Extracting b43/sslpn0initvals16.fw
Extracting b43/a0g1initvals13.fw
Extracting b43/lp1bsinitvals20.fw
Extracting b43/sslpn2initvals19.fw
Extracting b43/a0g1initvals9.fw
Extracting b43/lcn1bsinitvals24.fw
Extracting b43/ucode5.fw
Extracting b43/lcn2bsinitvals24.fw
Extracting b43/lp0bsinitvals13.fw
Extracting b43/n0initvals16.fw
Extracting b43/ucode19_sslpn_nobt.fw
Extracting b43/b0g0bsinitvals9.fw
Extracting b43/ucode11.fw
Extracting b43/lp0initvals16.fw
Extracting b43/ucode16_mimo.fw
Extracting b43/lcn0bsinitvals26.fw
Extracting b43/ht0initvals29.fw
Extracting b43/lcn2bsinitvals25.fw
Extracting b43/a0g0initvals9.fw
Extracting b43/ucode29_mimo.fw
Extracting b43/lcn0bsinitvals24.fw
Extracting b43/ucode19_sslpn.fw
Extracting b43/lcn1initvals25.fw
Extracting b43/ucode30_mimo.fw
Extracting b43/n16bsinitvals30.fw
Extracting b43/ucode25_mimo.fw
Extracting b43/ucode24_mimo.fw
Extracting b43/ucode27_sslpn.fw
Extracting b43/lp0initvals13.fw
Extracting b43/a0g0bsinitvals5.fw
Extracting b43/ht0bsinitvals26.fw
Extracting b43/ucode13.fw
Extracting b43/sslpn2bsinitvals19.fw
Extracting b43/ucode15.fw
Extracting b43/lp0bsinitvals15.fw
Extracting b43/n0initvals11.fw
Extracting b43/lcn0initvals25.fw
Extracting b43/sslpn0bsinitvals16.fw
Extracting b43/sslpn1initvals20.fw
Extracting b43/lcn1bsinitvals26.fw
Extracting b43/n0initvals22.fw
Extracting b43/ht0bsinitvals29.fw
CLDS: * Install b43 for Dell Wireless 1397 WLAN Mini-Card Driver.
CLDS: * Disk size = 1121332K. Space Used = 37808K. Runtime = 00:00:00:02.
CLDS:>>>>>>>>> Running inst-min-con-firmware.sh ...
info: Trying to set 'firmware-ivtv/license/accepted' [boolean] to 'true'
info: Loading answer for 'firmware-ivtv/license/accepted'
info: Trying to set 'firmware-ipw2x00/license/accepted' [boolean] to 'true'
info: Loading answer for 'firmware-ipw2x00/license/accepted'
Reading package lists...
Building dependency tree...
Reading state information...
Suggested packages:
  wireless-tools
The following NEW packages will be installed:
  atmel-firmware
0 upgraded, 1 newly installed, 0 to remove and 0 not upgraded.
Need to get 147 kB of archives.
After this operation, 796 kB of additional disk space will be used.
Get:1 http://localhost/aptly-repo/master_trixie-non-free-firmware trixie/non-free-firmware amd64 atmel-firmware all 1.3-7.1 [147 kB]
dpkg-preconfigure: unable to re-open stdin: No such file or directory
Fetched 147 kB in 0s (1,792 kB/s)
E: Can not write log (Is /dev/pts mounted?) - posix_openpt (2: No such file or directory)
Selecting previously unselected package atmel-firmware.
(Reading database ... 17488 files and directories currently installed.)
Preparing to unpack .../atmel-firmware_1.3-7.1_all.deb ...
Unpacking atmel-firmware (1.3-7.1) ...
Setting up atmel-firmware (1.3-7.1) ...
Reading package lists...
Building dependency tree...
Reading state information...
The following NEW packages will be installed:
  bluez-firmware
0 upgraded, 1 newly installed, 0 to remove and 0 not upgraded.
Need to get 190 kB of archives.
After this operation, 362 kB of additional disk space will be used.
Get:1 http://localhost/aptly-repo/master_trixie-non-free-firmware trixie/non-free-firmware amd64 bluez-firmware all 1.2-13 [190 kB]
dpkg-preconfigure: unable to re-open stdin: No such file or directory
Fetched 190 kB in 0s (1,859 kB/s)
E: Can not write log (Is /dev/pts mounted?) - posix_openpt (2: No such file or directory)
Selecting previously unselected package bluez-firmware.
(Reading database ... 17518 files and directories currently installed.)
Preparing to unpack .../bluez-firmware_1.2-13_all.deb ...
Unpacking bluez-firmware (1.2-13) ...
Setting up bluez-firmware (1.2-13) ...
Reading package lists...
Building dependency tree...
Reading state information...
The following NEW packages will be installed:
  firmware-atheros
0 upgraded, 1 newly installed, 0 to remove and 0 not upgraded.
Need to get 29.5 MB of archives.
After this operation, 99.6 MB of additional disk space will be used.
Get:1 http://localhost/aptly-repo/master_trixie-non-free-firmware trixie/non-free-firmware amd64 firmware-atheros all 20250410-2 [29.5 MB]
dpkg-preconfigure: unable to re-open stdin: No such file or directory
Fetched 29.5 MB in 0s (157 MB/s)
E: Can not write log (Is /dev/pts mounted?) - posix_openpt (2: No such file or directory)
Selecting previously unselected package firmware-atheros.
(Reading database ... 17536 files and directories currently installed.)
Preparing to unpack .../firmware-atheros_20250410-2_all.deb ...
Unpacking firmware-atheros (20250410-2) ...
Setting up firmware-atheros (20250410-2) ...
Reading package lists...
Building dependency tree...
Reading state information...
The following NEW packages will be installed:
  firmware-bnx2
0 upgraded, 1 newly installed, 0 to remove and 0 not upgraded.
Need to get 155 kB of archives.
After this operation, 601 kB of additional disk space will be used.
Get:1 http://localhost/aptly-repo/master_trixie-non-free-firmware trixie/non-free-firmware amd64 firmware-bnx2 all 20250410-2 [155 kB]
dpkg-preconfigure: unable to re-open stdin: No such file or directory
Fetched 155 kB in 0s (1,906 kB/s)
E: Can not write log (Is /dev/pts mounted?) - posix_openpt (2: No such file or directory)
Selecting previously unselected package firmware-bnx2.
(Reading database ... 17888 files and directories currently installed.)
Preparing to unpack .../firmware-bnx2_20250410-2_all.deb ...
Unpacking firmware-bnx2 (20250410-2) ...
Setting up firmware-bnx2 (20250410-2) ...
Processing triggers for initramfs-tools (0.148.3) ...
update-initramfs: Generating /boot/initrd.img-6.12.57+deb13-amd64
W: No zstd in /usr/bin:/sbin:/bin, using gzip
live-boot: core filesystems dm-verity devices utils udev blockdev dns.
Reading package lists...
Building dependency tree...
Reading state information...
The following NEW packages will be installed:
  firmware-bnx2x
0 upgraded, 1 newly installed, 0 to remove and 0 not upgraded.
Need to get 1,760 kB of archives.
After this operation, 2,404 kB of additional disk space will be used.
Get:1 http://localhost/aptly-repo/master_trixie-non-free-firmware trixie/non-free-firmware amd64 firmware-bnx2x all 20250410-2 [1,760 kB]
dpkg-preconfigure: unable to re-open stdin: No such file or directory
Fetched 1,760 kB in 0s (16.2 MB/s)
E: Can not write log (Is /dev/pts mounted?) - posix_openpt (2: No such file or directory)
Selecting previously unselected package firmware-bnx2x.
(Reading database ... 17900 files and directories currently installed.)
Preparing to unpack .../firmware-bnx2x_20250410-2_all.deb ...
Unpacking firmware-bnx2x (20250410-2) ...
Setting up firmware-bnx2x (20250410-2) ...
Processing triggers for initramfs-tools (0.148.3) ...
update-initramfs: Generating /boot/initrd.img-6.12.57+deb13-amd64
W: No zstd in /usr/bin:/sbin:/bin, using gzip
live-boot: core filesystems dm-verity devices utils udev blockdev dns.
Reading package lists...
Building dependency tree...
Reading state information...
The following NEW packages will be installed:
  firmware-brcm80211
0 upgraded, 1 newly installed, 0 to remove and 0 not upgraded.
Need to get 5,379 kB of archives.
After this operation, 18.7 MB of additional disk space will be used.
Get:1 http://localhost/aptly-repo/master_trixie-non-free-firmware trixie/non-free-firmware amd64 firmware-brcm80211 all 20250410-2 [5,379 kB]
dpkg-preconfigure: unable to re-open stdin: No such file or directory
Fetched 5,379 kB in 0s (46.8 MB/s)
E: Can not write log (Is /dev/pts mounted?) - posix_openpt (2: No such file or directory)
Selecting previously unselected package firmware-brcm80211.
(Reading database ... 17916 files and directories currently installed.)
Preparing to unpack .../firmware-brcm80211_20250410-2_all.deb ...
Unpacking firmware-brcm80211 (20250410-2) ...
Setting up firmware-brcm80211 (20250410-2) ...
Reading package lists...
Building dependency tree...
Reading state information...
The following NEW packages will be installed:
  firmware-ipw2x00
0 upgraded, 1 newly installed, 0 to remove and 0 not upgraded.
Need to get 302 kB of archives.
After this operation, 1,570 kB of additional disk space will be used.
Get:1 http://localhost/aptly-repo/master_trixie-non-free-firmware trixie/non-free-firmware amd64 firmware-ipw2x00 all 20250410-2 [302 kB]
dpkg-preconfigure: unable to re-open stdin: No such file or directory
Fetched 302 kB in 0s (3,076 kB/s)
E: Can not write log (Is /dev/pts mounted?) - posix_openpt (2: No such file or directory)
Selecting previously unselected package firmware-ipw2x00.
(Reading database ... 18055 files and directories currently installed.)
Preparing to unpack .../firmware-ipw2x00_20250410-2_all.deb ...
Unpacking firmware-ipw2x00 (20250410-2) ...
Setting up firmware-ipw2x00 (20250410-2) ...
Reading package lists...
Building dependency tree...
Reading state information...
The following NEW packages will be installed:
  firmware-ivtv
0 upgraded, 1 newly installed, 0 to remove and 0 not upgraded.
Need to get 160 kB of archives.
After this operation, 1,208 kB of additional disk space will be used.
Get:1 http://localhost/aptly-repo/master_trixie-non-free-firmware trixie/non-free-firmware amd64 firmware-ivtv all 20250410-2 [160 kB]
dpkg-preconfigure: unable to re-open stdin: No such file or directory
Fetched 160 kB in 0s (3,631 kB/s)
E: Can not write log (Is /dev/pts mounted?) - posix_openpt (2: No such file or directory)
Selecting previously unselected package firmware-ivtv.
(Reading database ... 18069 files and directories currently installed.)
Preparing to unpack .../firmware-ivtv_20250410-2_all.deb ...
Unpacking firmware-ivtv (20250410-2) ...
Setting up firmware-ivtv (20250410-2) ...
Reading package lists...
Building dependency tree...
Reading state information...
The following NEW packages will be installed:
  firmware-iwlwifi
0 upgraded, 1 newly installed, 0 to remove and 0 not upgraded.
Need to get 16.7 MB of archives.
After this operation, 117 MB of additional disk space will be used.
Get:1 http://localhost/aptly-repo/master_trixie-non-free-firmware trixie/non-free-firmware amd64 firmware-iwlwifi all 20250410-2 [16.7 MB]
dpkg-preconfigure: unable to re-open stdin: No such file or directory
Fetched 16.7 MB in 0s (112 MB/s)
E: Can not write log (Is /dev/pts mounted?) - posix_openpt (2: No such file or directory)
Selecting previously unselected package firmware-iwlwifi.
(Reading database ... 18081 files and directories currently installed.)
Preparing to unpack .../firmware-iwlwifi_20250410-2_all.deb ...
Unpacking firmware-iwlwifi (20250410-2) ...
Setting up firmware-iwlwifi (20250410-2) ...
Reading package lists...
Building dependency tree...
Reading state information...
Recommended packages:
  firmware-marvell-prestera
The following NEW packages will be installed:
  firmware-libertas
0 upgraded, 1 newly installed, 0 to remove and 0 not upgraded.
Need to get 3,623 kB of archives.
After this operation, 11.7 MB of additional disk space will be used.
Get:1 http://localhost/aptly-repo/master_trixie-non-free-firmware trixie/non-free-firmware amd64 firmware-libertas all 20250410-2 [3,623 kB]
dpkg-preconfigure: unable to re-open stdin: No such file or directory
Fetched 3,623 kB in 0s (34.4 MB/s)
E: Can not write log (Is /dev/pts mounted?) - posix_openpt (2: No such file or directory)
Selecting previously unselected package firmware-libertas.
(Reading database ... 18268 files and directories currently installed.)
Preparing to unpack .../firmware-libertas_20250410-2_all.deb ...
Unpacking firmware-libertas (20250410-2) ...
Setting up firmware-libertas (20250410-2) ...
Reading package lists...
Building dependency tree...
Reading state information...
The following additional packages will be installed:
  firmware-amd-graphics firmware-linux-free firmware-linux-nonfree
  firmware-misc-nonfree
Recommended packages:
  firmware-carl9170 firmware-ath9k-htc firmware-nvidia-graphics
  firmware-intel-graphics firmware-intel-misc firmware-mediatek
The following NEW packages will be installed:
  firmware-amd-graphics firmware-linux firmware-linux-free
  firmware-linux-nonfree firmware-misc-nonfree
0 upgraded, 5 newly installed, 0 to remove and 0 not upgraded.
Need to get 19.6 MB of archives.
After this operation, 109 MB of additional disk space will be used.
Get:1 http://localhost/aptly-repo/master_trixie-non-free-firmware trixie/non-free-firmware amd64 firmware-amd-graphics all 20250410-2 [15.1 MB]
Get:2 http://localhost/aptly-repo/master_trixie-main trixie/main amd64 firmware-linux-free all 20241210-2 [17.8 kB]
Get:3 http://localhost/aptly-repo/master_trixie-non-free-firmware trixie/non-free-firmware amd64 firmware-misc-nonfree all 20250410-2 [4,331 kB]
Get:4 http://localhost/aptly-repo/master_trixie-non-free-firmware trixie/non-free-firmware amd64 firmware-linux-nonfree all 20250410-2 [71.8 kB]
Get:5 http://localhost/aptly-repo/master_trixie-non-free-firmware trixie/non-free-firmware amd64 firmware-linux all 20250410-2 [71.8 kB]
dpkg-preconfigure: unable to re-open stdin: No such file or directory
Fetched 19.6 MB in 0s (119 MB/s)
E: Can not write log (Is /dev/pts mounted?) - posix_openpt (2: No such file or directory)
Selecting previously unselected package firmware-amd-graphics.
(Reading database ... 18335 files and directories currently installed.)
Preparing to unpack .../firmware-amd-graphics_20250410-2_all.deb ...
Unpacking firmware-amd-graphics (20250410-2) ...
Selecting previously unselected package firmware-linux-free.
Preparing to unpack .../firmware-linux-free_20241210-2_all.deb ...
Unpacking firmware-linux-free (20241210-2) ...
Selecting previously unselected package firmware-misc-nonfree.
Preparing to unpack .../firmware-misc-nonfree_20250410-2_all.deb ...
Unpacking firmware-misc-nonfree (20250410-2) ...
Selecting previously unselected package firmware-linux-nonfree.
Preparing to unpack .../firmware-linux-nonfree_20250410-2_all.deb ...
Unpacking firmware-linux-nonfree (20250410-2) ...
Selecting previously unselected package firmware-linux.
Preparing to unpack .../firmware-linux_20250410-2_all.deb ...
Unpacking firmware-linux (20250410-2) ...
Setting up firmware-linux-free (20241210-2) ...
Setting up firmware-misc-nonfree (20250410-2) ...
Setting up firmware-amd-graphics (20250410-2) ...
Setting up firmware-linux-nonfree (20250410-2) ...
Setting up firmware-linux (20250410-2) ...
Processing triggers for initramfs-tools (0.148.3) ...
update-initramfs: Generating /boot/initrd.img-6.12.57+deb13-amd64
W: No zstd in /usr/bin:/sbin:/bin, using gzip
live-boot: core filesystems dm-verity devices utils udev blockdev dns.
Reading package lists...
Building dependency tree...
Reading state information...
firmware-linux-free is already the newest version (20241210-2).
firmware-linux-free set to manually installed.
0 upgraded, 0 newly installed, 0 to remove and 0 not upgraded.
Reading package lists...
Building dependency tree...
Reading state information...
firmware-misc-nonfree is already the newest version (20250410-2).
firmware-misc-nonfree set to manually installed.
0 upgraded, 0 newly installed, 0 to remove and 0 not upgraded.
Reading package lists...
Building dependency tree...
Reading state information...
firmware-linux-nonfree is already the newest version (20250410-2).
firmware-linux-nonfree set to manually installed.
0 upgraded, 0 newly installed, 0 to remove and 0 not upgraded.
Reading package lists...
Building dependency tree...
Reading state information...
The following NEW packages will be installed:
  firmware-qlogic
0 upgraded, 1 newly installed, 0 to remove and 0 not upgraded.
Need to get 2,155 kB of archives.
After this operation, 4,832 kB of additional disk space will be used.
Get:1 http://localhost/aptly-repo/master_trixie-non-free-firmware trixie/non-free-firmware amd64 firmware-qlogic all 20250410-2 [2,155 kB]
dpkg-preconfigure: unable to re-open stdin: No such file or directory
Fetched 2,155 kB in 0s (19.6 MB/s)
E: Can not write log (Is /dev/pts mounted?) - posix_openpt (2: No such file or directory)
Selecting previously unselected package firmware-qlogic.
(Reading database ... 19648 files and directories currently installed.)
Preparing to unpack .../firmware-qlogic_20250410-2_all.deb ...
Unpacking firmware-qlogic (20250410-2) ...
Setting up firmware-qlogic (20250410-2) ...
Processing triggers for initramfs-tools (0.148.3) ...
update-initramfs: Generating /boot/initrd.img-6.12.57+deb13-amd64
W: No zstd in /usr/bin:/sbin:/bin, using gzip
live-boot: core filesystems dm-verity devices utils udev blockdev dns.
Reading package lists...
Building dependency tree...
Reading state information...
The following NEW packages will be installed:
  firmware-realtek
0 upgraded, 1 newly installed, 0 to remove and 0 not upgraded.
Need to get 2,860 kB of archives.
After this operation, 19.6 MB of additional disk space will be used.
Get:1 http://localhost/aptly-repo/master_trixie-non-free-firmware trixie/non-free-firmware amd64 firmware-realtek all 20250410-2 [2,860 kB]
dpkg-preconfigure: unable to re-open stdin: No such file or directory
Fetched 2,860 kB in 0s (39.7 MB/s)
E: Can not write log (Is /dev/pts mounted?) - posix_openpt (2: No such file or directory)
Selecting previously unselected package firmware-realtek.
(Reading database ... 19671 files and directories currently installed.)
Preparing to unpack .../firmware-realtek_20250410-2_all.deb ...
Unpacking firmware-realtek (20250410-2) ...
Setting up firmware-realtek (20250410-2) ...
Processing triggers for initramfs-tools (0.148.3) ...
update-initramfs: Generating /boot/initrd.img-6.12.57+deb13-amd64
W: No zstd in /usr/bin:/sbin:/bin, using gzip
live-boot: core filesystems dm-verity devices utils udev blockdev dns.
Reading package lists...
Building dependency tree...
Reading state information...
The following NEW packages will be installed:
  firmware-zd1211
0 upgraded, 1 newly installed, 0 to remove and 0 not upgraded.
Need to get 13.5 kB of archives.
After this operation, 66.6 kB of additional disk space will be used.
Get:1 http://localhost/aptly-repo/master_trixie-non-free-firmware trixie/non-free-firmware amd64 firmware-zd1211 all 1:1.5-13 [13.5 kB]
dpkg-preconfigure: unable to re-open stdin: No such file or directory
Fetched 13.5 kB in 0s (234 kB/s)
E: Can not write log (Is /dev/pts mounted?) - posix_openpt (2: No such file or directory)
Selecting previously unselected package firmware-zd1211.
(Reading database ... 19828 files and directories currently installed.)
Preparing to unpack .../firmware-zd1211_1%3a1.5-13_all.deb ...
Unpacking firmware-zd1211 (1:1.5-13) ...
Setting up firmware-zd1211 (1:1.5-13) ...
CLDS: * Install firmwares.
CLDS: * Disk size = 1590020K. Space Used = 468688K. Runtime = 00:00:01:00.
CLDS:>>>>>>>>> Running inst-min-con-live-build-tools-isolinux.sh ...
Reading package lists...
Building dependency tree...
Reading state information...
Suggested packages:
  xorriso
Recommended packages:
  syslinux-common
The following NEW packages will be installed:
  isolinux
0 upgraded, 1 newly installed, 0 to remove and 0 not upgraded.
Need to get 86.5 kB of archives.
After this operation, 189 kB of additional disk space will be used.
Get:1 http://localhost/aptly-repo/master_trixie-main trixie/main amd64 isolinux all 3:6.04~git20190206.bf6db5b4+dfsg1-3.1 [86.5 kB]
dpkg-preconfigure: unable to re-open stdin: No such file or directory
Fetched 86.5 kB in 0s (2,367 kB/s)
E: Can not write log (Is /dev/pts mounted?) - posix_openpt (2: No such file or directory)
Selecting previously unselected package isolinux.
(Reading database ... 19844 files and directories currently installed.)
Preparing to unpack .../isolinux_3%3a6.04~git20190206.bf6db5b4+dfsg1-3.1_all.deb ...
Unpacking isolinux (3:6.04~git20190206.bf6db5b4+dfsg1-3.1) ...
Setting up isolinux (3:6.04~git20190206.bf6db5b4+dfsg1-3.1) ...
CLDS: * Install isolinux to get isohdpfx.bin and isolinux.bin in order to create isohybrid.
CLDS: * Disk size = 1590348K. Space Used = 328K. Runtime = 00:00:00:00.
CLDS:>>>>>>>>> Running inst-min-con-live-build-tools-rsync.sh ...
Reading package lists...
Building dependency tree...
Reading state information...
rsync is already the newest version (3.4.1+ds1-5).
rsync set to manually installed.
0 upgraded, 0 newly installed, 0 to remove and 0 not upgraded.
CLDS: * Install rsync to copy directories.
CLDS: * Disk size = 1590348K. Space Used = 0K. Runtime = 00:00:00:01.
CLDS:>>>>>>>>> Running inst-min-con-live-build-tools-squashfs-tools.sh ...
Reading package lists...
Building dependency tree...
Reading state information...
The following NEW packages will be installed:
  squashfs-tools
0 upgraded, 1 newly installed, 0 to remove and 0 not upgraded.
Need to get 194 kB of archives.
After this operation, 506 kB of additional disk space will be used.
Get:1 http://localhost/aptly-repo/master_trixie-main trixie/main amd64 squashfs-tools amd64 1:4.6.1-1 [194 kB]
dpkg-preconfigure: unable to re-open stdin: No such file or directory
Fetched 194 kB in 0s (3,708 kB/s)
E: Can not write log (Is /dev/pts mounted?) - posix_openpt (2: No such file or directory)
Selecting previously unselected package squashfs-tools.
(Reading database ... 19861 files and directories currently installed.)
Preparing to unpack .../squashfs-tools_1%3a4.6.1-1_amd64.deb ...
Unpacking squashfs-tools (1:4.6.1-1) ...
Setting up squashfs-tools (1:4.6.1-1) ...
CLDS: * Install squashfs-tools.
CLDS: * Install squashfs-tools to create new squashfs using mksquashfs command.
CLDS: * Disk size = 1591072K. Space Used = 724K. Runtime = 00:00:00:00.
CLDS:>>>>>>>>> Running inst-min-con-live-build-tools-xorriso.sh ...
Reading package lists...
Building dependency tree...
Reading state information...
The following additional packages will be installed:
  libburn4t64 libisoburn1t64 libisofs6t64 libjte2
Suggested packages:
  xorriso-tcltk jigit cdck
The following NEW packages will be installed:
  libburn4t64 libisoburn1t64 libisofs6t64 libjte2 xorriso
0 upgraded, 5 newly installed, 0 to remove and 0 not upgraded.
Need to get 1,146 kB of archives.
After this operation, 2,504 kB of additional disk space will be used.
Get:1 http://localhost/aptly-repo/master_trixie-main trixie/main amd64 libburn4t64 amd64 1.5.6-1.1+b1 [164 kB]
Get:2 http://localhost/aptly-repo/master_trixie-main trixie/main amd64 libjte2 amd64 1.22-4+b2 [29.6 kB]
Get:3 http://localhost/aptly-repo/master_trixie-main trixie/main amd64 libisofs6t64 amd64 1.5.6.pl01-1.1+b1 [219 kB]
Get:4 http://localhost/aptly-repo/master_trixie-main trixie/main amd64 libisoburn1t64 amd64 1.5.6-1.2+b1 [410 kB]
Get:5 http://localhost/aptly-repo/master_trixie-main trixie/main amd64 xorriso amd64 1.5.6-1.2+b1 [323 kB]
dpkg-preconfigure: unable to re-open stdin: No such file or directory
Fetched 1,146 kB in 0s (24.8 MB/s)
E: Can not write log (Is /dev/pts mounted?) - posix_openpt (2: No such file or directory)
Selecting previously unselected package libburn4t64:amd64.
(Reading database ... 19875 files and directories currently installed.)
Preparing to unpack .../libburn4t64_1.5.6-1.1+b1_amd64.deb ...
Unpacking libburn4t64:amd64 (1.5.6-1.1+b1) ...
Selecting previously unselected package libjte2:amd64.
Preparing to unpack .../libjte2_1.22-4+b2_amd64.deb ...
Unpacking libjte2:amd64 (1.22-4+b2) ...
Selecting previously unselected package libisofs6t64:amd64.
Preparing to unpack .../libisofs6t64_1.5.6.pl01-1.1+b1_amd64.deb ...
Unpacking libisofs6t64:amd64 (1.5.6.pl01-1.1+b1) ...
Selecting previously unselected package libisoburn1t64:amd64.
Preparing to unpack .../libisoburn1t64_1.5.6-1.2+b1_amd64.deb ...
Unpacking libisoburn1t64:amd64 (1.5.6-1.2+b1) ...
Selecting previously unselected package xorriso.
Preparing to unpack .../xorriso_1.5.6-1.2+b1_amd64.deb ...
Unpacking xorriso (1.5.6-1.2+b1) ...
Setting up libjte2:amd64 (1.22-4+b2) ...
Setting up libisofs6t64:amd64 (1.5.6.pl01-1.1+b1) ...
Setting up libburn4t64:amd64 (1.5.6-1.1+b1) ...
Setting up libisoburn1t64:amd64 (1.5.6-1.2+b1) ...
Setting up xorriso (1.5.6-1.2+b1) ...
Processing triggers for libc-bin (2.41-12) ...
'./cld/doc/xorriso-help.txt' -> '/usr/local/cld/doc/xorriso-help.txt'
CLDS: * Install xorriso.
CLDS: * Install xorriso to create isohybrid.
CLDS: * Disk size = 1594800K. Space Used = 3728K. Runtime = 00:00:00:01.
CLDS:>>>>>>>>> Running inst-min-con-mtp-jmtpfs.sh ...
Reading package lists...
Building dependency tree...
Reading state information...
The following additional packages will be installed:
  libfuse2t64 libmagic-mgc libmagic1t64 libmtp-common libmtp9t64 libusb-1.0-0
Suggested packages:
  file
Recommended packages:
  libmtp-runtime
The following NEW packages will be installed:
  jmtpfs libfuse2t64 libmagic-mgc libmagic1t64 libmtp-common libmtp9t64
  libusb-1.0-0
0 upgraded, 7 newly installed, 0 to remove and 0 not upgraded.
Need to get 924 kB of archives.
After this operation, 12.1 MB of additional disk space will be used.
Get:1 http://localhost/aptly-repo/master_trixie-main trixie/main amd64 libfuse2t64 amd64 2.9.9-9 [121 kB]
Get:2 http://localhost/aptly-repo/master_trixie-main trixie/main amd64 libmagic-mgc amd64 1:5.46-5 [338 kB]
Get:3 http://localhost/aptly-repo/master_trixie-main trixie/main amd64 libmagic1t64 amd64 1:5.46-5 [109 kB]
Get:4 http://localhost/aptly-repo/master_trixie-main trixie/main amd64 libmtp-common all 1.1.22-1 [47.0 kB]
Get:5 http://localhost/aptly-repo/master_trixie-main trixie/main amd64 libusb-1.0-0 amd64 2:1.0.28-1 [59.6 kB]
Get:6 http://localhost/aptly-repo/master_trixie-main trixie/main amd64 libmtp9t64 amd64 1.1.22-1 [205 kB]
Get:7 http://localhost/aptly-repo/master_trixie-main trixie/main amd64 jmtpfs amd64 0.5-4+b1 [44.8 kB]
dpkg-preconfigure: unable to re-open stdin: No such file or directory
Fetched 924 kB in 0s (16.7 MB/s)
E: Can not write log (Is /dev/pts mounted?) - posix_openpt (2: No such file or directory)
Selecting previously unselected package libfuse2t64:amd64.
(Reading database ... 19937 files and directories currently installed.)
Preparing to unpack .../0-libfuse2t64_2.9.9-9_amd64.deb ...
Adding 'diversion of /lib/x86_64-linux-gnu/libfuse.so.2 to /lib/x86_64-linux-gnu/libfuse.so.2.usr-is-merged by libfuse2t64'
Adding 'diversion of /lib/x86_64-linux-gnu/libfuse.so.2.9.9 to /lib/x86_64-linux-gnu/libfuse.so.2.9.9.usr-is-merged by libfuse2t64'
Adding 'diversion of /lib/x86_64-linux-gnu/libulockmgr.so.1 to /lib/x86_64-linux-gnu/libulockmgr.so.1.usr-is-merged by libfuse2t64'
Adding 'diversion of /lib/x86_64-linux-gnu/libulockmgr.so.1.0.1 to /lib/x86_64-linux-gnu/libulockmgr.so.1.0.1.usr-is-merged by libfuse2t64'
Unpacking libfuse2t64:amd64 (2.9.9-9) ...
Selecting previously unselected package libmagic-mgc.
Preparing to unpack .../1-libmagic-mgc_1%3a5.46-5_amd64.deb ...
Unpacking libmagic-mgc (1:5.46-5) ...
Selecting previously unselected package libmagic1t64:amd64.
Preparing to unpack .../2-libmagic1t64_1%3a5.46-5_amd64.deb ...
Unpacking libmagic1t64:amd64 (1:5.46-5) ...
Selecting previously unselected package libmtp-common.
Preparing to unpack .../3-libmtp-common_1.1.22-1_all.deb ...
Unpacking libmtp-common (1.1.22-1) ...
Selecting previously unselected package libusb-1.0-0:amd64.
Preparing to unpack .../4-libusb-1.0-0_2%3a1.0.28-1_amd64.deb ...
Unpacking libusb-1.0-0:amd64 (2:1.0.28-1) ...
Selecting previously unselected package libmtp9t64:amd64.
Preparing to unpack .../5-libmtp9t64_1.1.22-1_amd64.deb ...
Unpacking libmtp9t64:amd64 (1.1.22-1) ...
Selecting previously unselected package jmtpfs.
Preparing to unpack .../6-jmtpfs_0.5-4+b1_amd64.deb ...
Unpacking jmtpfs (0.5-4+b1) ...
Setting up libmagic-mgc (1:5.46-5) ...
Setting up libmagic1t64:amd64 (1:5.46-5) ...
Setting up libmtp-common (1.1.22-1) ...
Setting up libusb-1.0-0:amd64 (2:1.0.28-1) ...
Setting up libfuse2t64:amd64 (2.9.9-9) ...
Removing 'diversion of /lib/x86_64-linux-gnu/libfuse.so.2 to /lib/x86_64-linux-gnu/libfuse.so.2.usr-is-merged by libfuse2t64'
Removing 'diversion of /lib/x86_64-linux-gnu/libfuse.so.2.9.9 to /lib/x86_64-linux-gnu/libfuse.so.2.9.9.usr-is-merged by libfuse2t64'
Removing 'diversion of /lib/x86_64-linux-gnu/libulockmgr.so.1 to /lib/x86_64-linux-gnu/libulockmgr.so.1.usr-is-merged by libfuse2t64'
Removing 'diversion of /lib/x86_64-linux-gnu/libulockmgr.so.1.0.1 to /lib/x86_64-linux-gnu/libulockmgr.so.1.0.1.usr-is-merged by libfuse2t64'
Setting up libmtp9t64:amd64 (1.1.22-1) ...
Setting up jmtpfs (0.5-4+b1) ...
Processing triggers for udev (257.9-1~deb13u1) ...
Processing triggers for libc-bin (2.41-12) ...
'./cld/doc/smartphone-help.txt' -> '/usr/local/cld/doc/smartphone-help.txt'
'./cld/doc/phone-help.txt' -> '/usr/local/cld/doc/phone-help.txt'
CLDS: * Install jmtpfs to mount smartphones that use Media Transfer Protocol(MTP).
CLDS: *   # Connect your smartphone.
CLDS: *   mkdir /path/to/your/mount/directory/
CLDS: *   jmtpfs -o allow_other /path/to/your/mount/directory/
CLDS: *   # Enter your PIN to unlock your smartphone.
CLDS: *   cd /path/to/your/mount/directory/
CLDS: * Disk size = 1607920K. Space Used = 13120K. Runtime = 00:00:00:02.
CLDS:>>>>>>>>> Running inst-min-con-net-tools.sh ...
Reading package lists...
Building dependency tree...
Reading state information...
The following NEW packages will be installed:
  net-tools
0 upgraded, 1 newly installed, 0 to remove and 0 not upgraded.
Need to get 245 kB of archives.
After this operation, 1,012 kB of additional disk space will be used.
Get:1 http://localhost/aptly-repo/master_trixie-main trixie/main amd64 net-tools amd64 2.10-1.3 [245 kB]
dpkg-preconfigure: unable to re-open stdin: No such file or directory
Fetched 245 kB in 0s (3,107 kB/s)
E: Can not write log (Is /dev/pts mounted?) - posix_openpt (2: No such file or directory)
Selecting previously unselected package net-tools.
(Reading database ... 20011 files and directories currently installed.)
Preparing to unpack .../net-tools_2.10-1.3_amd64.deb ...
Unpacking net-tools (2.10-1.3) ...
Setting up net-tools (2.10-1.3) ...
'./cld/bin/cld-network-eth0.sh' -> '/usr/local/cld/bin/cld-network-eth0.sh'
CLDS: * Install net-tools.
CLDS: * This package is required to access Internet.
CLDS: * Disk size = 1608820K. Space Used = 900K. Runtime = 00:00:00:01.
CLDS:>>>>>>>>> Running inst-min-con-network-network-manager.sh ...
Reading package lists...
Building dependency tree...
Reading state information...
The following additional packages will be installed:
  libatomic1 libbluetooth3 libbrotli1 libcurl3t64-gnutls libglib2.0-0t64
  libmm-glib0 libndp0 libnghttp2-14 libnghttp3-9 libngtcp2-16
  libngtcp2-crypto-gnutls8 libnm0 librtmp1 libssh2-1t64 libteamdctl0
Suggested packages:
  low-memory-monitor libteam-utils iptables
Recommended packages:
  ca-certificates libglib2.0-data shared-mime-info xdg-user-dirs modemmanager
  ppp dnsmasq-base wireless-regdb wpasupplicant libpam-systemd polkitd
  network-manager-l10n
The following NEW packages will be installed:
  libatomic1 libbluetooth3 libbrotli1 libcurl3t64-gnutls libglib2.0-0t64
  libmm-glib0 libndp0 libnghttp2-14 libnghttp3-9 libngtcp2-16
  libngtcp2-crypto-gnutls8 libnm0 librtmp1 libssh2-1t64 libteamdctl0
  network-manager
0 upgraded, 16 newly installed, 0 to remove and 0 not upgraded.
Need to get 5,902 kB of archives.
After this operation, 19.3 MB of additional disk space will be used.
Get:1 http://localhost/aptly-repo/master_trixie-main trixie/main amd64 libatomic1 amd64 14.2.0-19 [9,308 B]
Get:2 http://localhost/aptly-repo/master_trixie-main trixie/main amd64 libbluetooth3 amd64 5.82-1.1 [102 kB]
Get:3 http://localhost/aptly-repo/master_trixie-main trixie/main amd64 libbrotli1 amd64 1.1.0-2+b7 [307 kB]
Get:4 http://localhost/aptly-repo/master_trixie-main trixie/main amd64 libnghttp2-14 amd64 1.64.0-1.1 [76.0 kB]
Get:5 http://localhost/aptly-repo/master_trixie-main trixie/main amd64 libnghttp3-9 amd64 1.8.0-1 [67.7 kB]
Get:6 http://localhost/aptly-repo/master_trixie-main trixie/main amd64 libngtcp2-16 amd64 1.11.0-1 [131 kB]
Get:7 http://localhost/aptly-repo/master_trixie-main trixie/main amd64 libngtcp2-crypto-gnutls8 amd64 1.11.0-1 [29.3 kB]
Get:8 http://localhost/aptly-repo/master_trixie-main trixie/main amd64 librtmp1 amd64 2.4+20151223.gitfa8646d.1-2+b5 [58.8 kB]
Get:9 http://localhost/aptly-repo/master_trixie-main trixie/main amd64 libssh2-1t64 amd64 1.11.1-1 [245 kB]
Get:10 http://localhost/aptly-repo/master_trixie-main trixie/main amd64 libcurl3t64-gnutls amd64 8.14.1-2+deb13u2 [383 kB]
Get:11 http://localhost/aptly-repo/master_trixie-main trixie/main amd64 libglib2.0-0t64 amd64 2.84.4-3~deb13u1 [1,519 kB]
Get:12 http://localhost/aptly-repo/master_trixie-main trixie/main amd64 libmm-glib0 amd64 1.24.0-1+deb13u1 [245 kB]
Get:13 http://localhost/aptly-repo/master_trixie-main trixie/main amd64 libndp0 amd64 1.9-1+b1 [12.8 kB]
Get:14 http://localhost/aptly-repo/master_trixie-main trixie/main amd64 libnm0 amd64 1.52.1-1 [459 kB]
Get:15 http://localhost/aptly-repo/master_trixie-main trixie/main amd64 libteamdctl0 amd64 1.31-1+b2 [11.8 kB]
Get:16 http://localhost/aptly-repo/master_trixie-main trixie/main amd64 network-manager amd64 1.52.1-1 [2,247 kB]
dpkg-preconfigure: unable to re-open stdin: No such file or directory
Fetched 5,902 kB in 0s (65.6 MB/s)
E: Can not write log (Is /dev/pts mounted?) - posix_openpt (2: No such file or directory)
Selecting previously unselected package libatomic1:amd64.
(Reading database ... 20065 files and directories currently installed.)
Preparing to unpack .../00-libatomic1_14.2.0-19_amd64.deb ...
Unpacking libatomic1:amd64 (14.2.0-19) ...
Selecting previously unselected package libbluetooth3:amd64.
Preparing to unpack .../01-libbluetooth3_5.82-1.1_amd64.deb ...
Unpacking libbluetooth3:amd64 (5.82-1.1) ...
Selecting previously unselected package libbrotli1:amd64.
Preparing to unpack .../02-libbrotli1_1.1.0-2+b7_amd64.deb ...
Unpacking libbrotli1:amd64 (1.1.0-2+b7) ...
Selecting previously unselected package libnghttp2-14:amd64.
Preparing to unpack .../03-libnghttp2-14_1.64.0-1.1_amd64.deb ...
Unpacking libnghttp2-14:amd64 (1.64.0-1.1) ...
Selecting previously unselected package libnghttp3-9:amd64.
Preparing to unpack .../04-libnghttp3-9_1.8.0-1_amd64.deb ...
Unpacking libnghttp3-9:amd64 (1.8.0-1) ...
Selecting previously unselected package libngtcp2-16:amd64.
Preparing to unpack .../05-libngtcp2-16_1.11.0-1_amd64.deb ...
Unpacking libngtcp2-16:amd64 (1.11.0-1) ...
Selecting previously unselected package libngtcp2-crypto-gnutls8:amd64.
Preparing to unpack .../06-libngtcp2-crypto-gnutls8_1.11.0-1_amd64.deb ...
Unpacking libngtcp2-crypto-gnutls8:amd64 (1.11.0-1) ...
Selecting previously unselected package librtmp1:amd64.
Preparing to unpack .../07-librtmp1_2.4+20151223.gitfa8646d.1-2+b5_amd64.deb ...
Unpacking librtmp1:amd64 (2.4+20151223.gitfa8646d.1-2+b5) ...
Selecting previously unselected package libssh2-1t64:amd64.
Preparing to unpack .../08-libssh2-1t64_1.11.1-1_amd64.deb ...
Unpacking libssh2-1t64:amd64 (1.11.1-1) ...
Selecting previously unselected package libcurl3t64-gnutls:amd64.
Preparing to unpack .../09-libcurl3t64-gnutls_8.14.1-2+deb13u2_amd64.deb ...
Unpacking libcurl3t64-gnutls:amd64 (8.14.1-2+deb13u2) ...
Selecting previously unselected package libglib2.0-0t64:amd64.
Preparing to unpack .../10-libglib2.0-0t64_2.84.4-3~deb13u1_amd64.deb ...
Unpacking libglib2.0-0t64:amd64 (2.84.4-3~deb13u1) ...
Selecting previously unselected package libmm-glib0:amd64.
Preparing to unpack .../11-libmm-glib0_1.24.0-1+deb13u1_amd64.deb ...
Unpacking libmm-glib0:amd64 (1.24.0-1+deb13u1) ...
Selecting previously unselected package libndp0:amd64.
Preparing to unpack .../12-libndp0_1.9-1+b1_amd64.deb ...
Unpacking libndp0:amd64 (1.9-1+b1) ...
Selecting previously unselected package libnm0:amd64.
Preparing to unpack .../13-libnm0_1.52.1-1_amd64.deb ...
Unpacking libnm0:amd64 (1.52.1-1) ...
Selecting previously unselected package libteamdctl0:amd64.
Preparing to unpack .../14-libteamdctl0_1.31-1+b2_amd64.deb ...
Unpacking libteamdctl0:amd64 (1.31-1+b2) ...
Selecting previously unselected package network-manager.
Preparing to unpack .../15-network-manager_1.52.1-1_amd64.deb ...
Unpacking network-manager (1.52.1-1) ...
Setting up libbrotli1:amd64 (1.1.0-2+b7) ...
Setting up libnghttp2-14:amd64 (1.64.0-1.1) ...
Setting up librtmp1:amd64 (2.4+20151223.gitfa8646d.1-2+b5) ...
Setting up libteamdctl0:amd64 (1.31-1+b2) ...
Setting up libatomic1:amd64 (14.2.0-19) ...
Setting up libnghttp3-9:amd64 (1.8.0-1) ...
Setting up libbluetooth3:amd64 (5.82-1.1) ...
Setting up libngtcp2-16:amd64 (1.11.0-1) ...
Setting up libssh2-1t64:amd64 (1.11.1-1) ...
Setting up libndp0:amd64 (1.9-1+b1) ...
Setting up libngtcp2-crypto-gnutls8:amd64 (1.11.0-1) ...
Setting up libcurl3t64-gnutls:amd64 (8.14.1-2+deb13u2) ...
Setting up libglib2.0-0t64:amd64 (2.84.4-3~deb13u1) ...
No schema files found: doing nothing.
Setting up libnm0:amd64 (1.52.1-1) ...
Setting up libmm-glib0:amd64 (1.24.0-1+deb13u1) ...
Setting up network-manager (1.52.1-1) ...
Created symlink '/etc/systemd/system/dbus-org.freedesktop.nm-dispatcher.service' → '/usr/lib/systemd/system/NetworkManager-dispatcher.service'.
Created symlink '/etc/systemd/system/network-online.target.wants/NetworkManager-wait-online.service' → '/usr/lib/systemd/system/NetworkManager-wait-online.service'.
Created symlink '/etc/systemd/system/multi-user.target.wants/NetworkManager.service' → '/usr/lib/systemd/system/NetworkManager.service'.
Processing triggers for libc-bin (2.41-12) ...
Processing triggers for dbus (1.16.2-2) ...
'./cld/doc/nmcli-help.txt' -> '/usr/local/cld/doc/nmcli-help.txt'
CLDS: * Install network-manager: nmcli
CLDS: * Disk size = 1634004K. Space Used = 25184K. Runtime = 00:00:00:02.
CLDS:>>>>>>>>> Running inst-min-con-network-wpasupplicant.sh ...
Reading package lists...
Building dependency tree...
Reading state information...
The following additional packages will be installed:
  libnl-3-200 libnl-genl-3-200 libnl-route-3-200 libpcsclite1
Suggested packages:
  pcscd wpagui libengine-pkcs11-openssl
The following NEW packages will be installed:
  libnl-3-200 libnl-genl-3-200 libnl-route-3-200 libpcsclite1 wpasupplicant
0 upgraded, 5 newly installed, 0 to remove and 0 not upgraded.
Need to get 1,741 kB of archives.
After this operation, 5,014 kB of additional disk space will be used.
Get:1 http://localhost/aptly-repo/master_trixie-main trixie/main amd64 libnl-3-200 amd64 3.7.0-2 [59.4 kB]
Get:2 http://localhost/aptly-repo/master_trixie-main trixie/main amd64 libnl-genl-3-200 amd64 3.7.0-2 [18.1 kB]
Get:3 http://localhost/aptly-repo/master_trixie-main trixie/main amd64 libnl-route-3-200 amd64 3.7.0-2 [182 kB]
Get:4 http://localhost/aptly-repo/master_trixie-main trixie/main amd64 libpcsclite1 amd64 2.3.3-1 [55.2 kB]
Get:5 http://localhost/aptly-repo/master_trixie-main trixie/main amd64 wpasupplicant amd64 2:2.10-24 [1,426 kB]
dpkg-preconfigure: unable to re-open stdin: No such file or directory
Fetched 1,741 kB in 0s (21.7 MB/s)
E: Can not write log (Is /dev/pts mounted?) - posix_openpt (2: No such file or directory)
Selecting previously unselected package libnl-3-200:amd64.
(Reading database ... 20280 files and directories currently installed.)
Preparing to unpack .../libnl-3-200_3.7.0-2_amd64.deb ...
Unpacking libnl-3-200:amd64 (3.7.0-2) ...
Selecting previously unselected package libnl-genl-3-200:amd64.
Preparing to unpack .../libnl-genl-3-200_3.7.0-2_amd64.deb ...
Unpacking libnl-genl-3-200:amd64 (3.7.0-2) ...
Selecting previously unselected package libnl-route-3-200:amd64.
Preparing to unpack .../libnl-route-3-200_3.7.0-2_amd64.deb ...
Unpacking libnl-route-3-200:amd64 (3.7.0-2) ...
Selecting previously unselected package libpcsclite1:amd64.
Preparing to unpack .../libpcsclite1_2.3.3-1_amd64.deb ...
Unpacking libpcsclite1:amd64 (2.3.3-1) ...
Selecting previously unselected package wpasupplicant.
Preparing to unpack .../wpasupplicant_2%3a2.10-24_amd64.deb ...
Unpacking wpasupplicant (2:2.10-24) ...
Setting up libpcsclite1:amd64 (2.3.3-1) ...
Setting up libnl-3-200:amd64 (3.7.0-2) ...
Setting up libnl-route-3-200:amd64 (3.7.0-2) ...
Setting up libnl-genl-3-200:amd64 (3.7.0-2) ...
Setting up wpasupplicant (2:2.10-24) ...
Created symlink '/etc/systemd/system/dbus-fi.w1.wpa_supplicant1.service' → '/usr/lib/systemd/system/wpa_supplicant.service'.
Created symlink '/etc/systemd/system/multi-user.target.wants/wpa_supplicant.service' → '/usr/lib/systemd/system/wpa_supplicant.service'.
Processing triggers for libc-bin (2.41-12) ...
Processing triggers for dbus (1.16.2-2) ...
CLDS: * Install wpasupplicant.
CLDS: * Bullseye: 2023-01-06: Required. Otherwise, wifi will not work. nmcli will display wifi not available.
CLDS: * Disk size = 1640812K. Space Used = 6808K. Runtime = 00:00:00:02.
CLDS:>>>>>>>>> Running inst-min-con-numlock.sh ...
Reading package lists...
Building dependency tree...
Reading state information...
The following additional packages will be installed:
  libx11-6 libx11-data libxau6 libxcb1 libxdmcp6 libxext6 libxtst6 x11-common
Suggested packages:
  x-display-manager
The following NEW packages will be installed:
  libx11-6 libx11-data libxau6 libxcb1 libxdmcp6 libxext6 libxtst6 numlockx
  x11-common
0 upgraded, 9 newly installed, 0 to remove and 0 not upgraded.
Need to get 1,653 kB of archives.
After this operation, 4,215 kB of additional disk space will be used.
Get:1 http://localhost/aptly-repo/master_trixie-main trixie/main amd64 libxau6 amd64 1:1.0.11-1 [20.4 kB]
Get:2 http://localhost/aptly-repo/master_trixie-main trixie/main amd64 libxdmcp6 amd64 1:1.1.5-1 [27.8 kB]
Get:3 http://localhost/aptly-repo/master_trixie-main trixie/main amd64 libxcb1 amd64 1.17.0-2+b1 [144 kB]
Get:4 http://localhost/aptly-repo/master_trixie-main trixie/main amd64 libx11-data all 2:1.8.12-1 [343 kB]
Get:5 http://localhost/aptly-repo/master_trixie-main trixie/main amd64 libx11-6 amd64 2:1.8.12-1 [815 kB]
Get:6 http://localhost/aptly-repo/master_trixie-main trixie/main amd64 libxext6 amd64 2:1.3.4-1+b3 [50.4 kB]
Get:7 http://localhost/aptly-repo/master_trixie-main trixie/main amd64 x11-common all 1:7.7+24+deb13u1 [217 kB]
Get:8 http://localhost/aptly-repo/master_trixie-main trixie/main amd64 libxtst6 amd64 2:1.2.5-1 [25.8 kB]
Get:9 http://localhost/aptly-repo/master_trixie-main trixie/main amd64 numlockx amd64 1.2-10 [8,820 B]
dpkg-preconfigure: unable to re-open stdin: No such file or directory
Fetched 1,653 kB in 0s (9,919 kB/s)
E: Can not write log (Is /dev/pts mounted?) - posix_openpt (2: No such file or directory)
Selecting previously unselected package libxau6:amd64.
(Reading database ... 20361 files and directories currently installed.)
Preparing to unpack .../0-libxau6_1%3a1.0.11-1_amd64.deb ...
Unpacking libxau6:amd64 (1:1.0.11-1) ...
Selecting previously unselected package libxdmcp6:amd64.
Preparing to unpack .../1-libxdmcp6_1%3a1.1.5-1_amd64.deb ...
Unpacking libxdmcp6:amd64 (1:1.1.5-1) ...
Selecting previously unselected package libxcb1:amd64.
Preparing to unpack .../2-libxcb1_1.17.0-2+b1_amd64.deb ...
Unpacking libxcb1:amd64 (1.17.0-2+b1) ...
Selecting previously unselected package libx11-data.
Preparing to unpack .../3-libx11-data_2%3a1.8.12-1_all.deb ...
Unpacking libx11-data (2:1.8.12-1) ...
Selecting previously unselected package libx11-6:amd64.
Preparing to unpack .../4-libx11-6_2%3a1.8.12-1_amd64.deb ...
Unpacking libx11-6:amd64 (2:1.8.12-1) ...
Selecting previously unselected package libxext6:amd64.
Preparing to unpack .../5-libxext6_2%3a1.3.4-1+b3_amd64.deb ...
Unpacking libxext6:amd64 (2:1.3.4-1+b3) ...
Selecting previously unselected package x11-common.
Preparing to unpack .../6-x11-common_1%3a7.7+24+deb13u1_all.deb ...
Unpacking x11-common (1:7.7+24+deb13u1) ...
Selecting previously unselected package libxtst6:amd64.
Preparing to unpack .../7-libxtst6_2%3a1.2.5-1_amd64.deb ...
Unpacking libxtst6:amd64 (2:1.2.5-1) ...
Selecting previously unselected package numlockx.
Preparing to unpack .../8-numlockx_1.2-10_amd64.deb ...
Unpacking numlockx (1.2-10) ...
Setting up libxau6:amd64 (1:1.0.11-1) ...
Setting up libxdmcp6:amd64 (1:1.1.5-1) ...
Setting up libxcb1:amd64 (1.17.0-2+b1) ...
Setting up x11-common (1:7.7+24+deb13u1) ...
Running in chroot, ignoring request.
invoke-rc.d: policy-rc.d denied execution of start.
Setting up libx11-data (2:1.8.12-1) ...
Setting up libx11-6:amd64 (2:1.8.12-1) ...
Setting up libxext6:amd64 (2:1.3.4-1+b3) ...
Setting up libxtst6:amd64 (2:1.2.5-1) ...
Setting up numlockx (1.2-10) ...
Processing triggers for libc-bin (2.41-12) ...
CLDS: * Install numlockx to turn on NumLock on boot.
CLDS: * Disk size = 1647460K. Space Used = 6648K. Runtime = 00:00:00:01.
CLDS:>>>>>>>>> Running inst-min-con-pciutils.sh ...
Reading package lists...
Building dependency tree...
Reading state information...
The following additional packages will be installed:
  libpci3 pci.ids
The following NEW packages will be installed:
  libpci3 pci.ids pciutils
0 upgraded, 3 newly installed, 0 to remove and 0 not upgraded.
Need to get 473 kB of archives.
After this operation, 1,964 kB of additional disk space will be used.
Get:1 http://localhost/aptly-repo/master_trixie-main trixie/main amd64 pci.ids all 0.0~2025.06.09-1 [269 kB]
Get:2 http://localhost/aptly-repo/master_trixie-main trixie/main amd64 libpci3 amd64 1:3.13.0-2 [75.6 kB]
Get:3 http://localhost/aptly-repo/master_trixie-main trixie/main amd64 pciutils amd64 1:3.13.0-2 [129 kB]
dpkg-preconfigure: unable to re-open stdin: No such file or directory
Fetched 473 kB in 0s (8,067 kB/s)
E: Can not write log (Is /dev/pts mounted?) - posix_openpt (2: No such file or directory)
Selecting previously unselected package pci.ids.
(Reading database ... 20697 files and directories currently installed.)
Preparing to unpack .../pci.ids_0.0~2025.06.09-1_all.deb ...
Unpacking pci.ids (0.0~2025.06.09-1) ...
Selecting previously unselected package libpci3:amd64.
Preparing to unpack .../libpci3_1%3a3.13.0-2_amd64.deb ...
Unpacking libpci3:amd64 (1:3.13.0-2) ...
Selecting previously unselected package pciutils.
Preparing to unpack .../pciutils_1%3a3.13.0-2_amd64.deb ...
Unpacking pciutils (1:3.13.0-2) ...
Setting up pci.ids (0.0~2025.06.09-1) ...
Setting up libpci3:amd64 (1:3.13.0-2) ...
Setting up pciutils (1:3.13.0-2) ...
Processing triggers for libc-bin (2.41-12) ...
CLDS: * Install pciutils to troubleshoot pci devices(i.e. lspci).
CLDS: * Disk size = 1649916K. Space Used = 2456K. Runtime = 00:00:00:01.
CLDS:>>>>>>>>> Running inst-min-con-rename.sh ...
Reading package lists...
Building dependency tree...
Reading state information...
The following NEW packages will be installed:
  rename
0 upgraded, 1 newly installed, 0 to remove and 0 not upgraded.
Need to get 21.8 kB of archives.
After this operation, 66.6 kB of additional disk space will be used.
Get:1 http://localhost/aptly-repo/master_trixie-main trixie/main amd64 rename all 2.02-1 [21.8 kB]
dpkg-preconfigure: unable to re-open stdin: No such file or directory
Fetched 21.8 kB in 0s (431 kB/s)
E: Can not write log (Is /dev/pts mounted?) - posix_openpt (2: No such file or directory)
Selecting previously unselected package rename.
(Reading database ... 20723 files and directories currently installed.)
Preparing to unpack .../archives/rename_2.02-1_all.deb ...
Unpacking rename (2.02-1) ...
Setting up rename (2.02-1) ...
update-alternatives: using /usr/bin/file-rename to provide /usr/bin/rename (rename) in auto mode
'./cld/doc/rename-help.txt' -> '/usr/local/cld/doc/rename-help.txt'
CLDS: * Install rename.
CLDS: * Disk size = 1650068K. Space Used = 152K. Runtime = 00:00:00:01.
CLDS:>>>>>>>>> Running inst-min-con-snd-alsa.sh ...
Reading package lists...
Building dependency tree...
Reading state information...
The following additional packages will be installed:
  libasound2-data libasound2t64 libatopology2t64 libfftw3-single3 libgomp1
  libsamplerate0
Suggested packages:
  libasound2-plugins libfftw3-bin libfftw3-dev
Recommended packages:
  alsa-ucm-conf alsa-topology-conf
The following NEW packages will be installed:
  alsa-utils libasound2-data libasound2t64 libatopology2t64 libfftw3-single3
  libgomp1 libsamplerate0
0 upgraded, 7 newly installed, 0 to remove and 0 not upgraded.
Need to get 3,491 kB of archives.
After this operation, 8,732 kB of additional disk space will be used.
Get:1 http://localhost/aptly-repo/master_trixie-main trixie/main amd64 libasound2-data all 1.2.14-1 [21.1 kB]
Get:2 http://localhost/aptly-repo/master_trixie-main trixie/main amd64 libasound2t64 amd64 1.2.14-1 [381 kB]
Get:3 http://localhost/aptly-repo/master_trixie-main trixie/main amd64 libatopology2t64 amd64 1.2.14-1 [51.3 kB]
Get:4 http://localhost/aptly-repo/master_trixie-main trixie/main amd64 libgomp1 amd64 14.2.0-19 [137 kB]
Get:5 http://localhost/aptly-repo/master_trixie-main trixie/main amd64 libfftw3-single3 amd64 3.3.10-2+b1 [809 kB]
Get:6 http://localhost/aptly-repo/master_trixie-main trixie/main amd64 libsamplerate0 amd64 0.2.2-4+b2 [950 kB]
Get:7 http://localhost/aptly-repo/master_trixie-main trixie/main amd64 alsa-utils amd64 1.2.14-1 [1,141 kB]
dpkg-preconfigure: unable to re-open stdin: No such file or directory
Fetched 3,491 kB in 0s (38.0 MB/s)
E: Can not write log (Is /dev/pts mounted?) - posix_openpt (2: No such file or directory)
Selecting previously unselected package libasound2-data.
(Reading database ... 20746 files and directories currently installed.)
Preparing to unpack .../0-libasound2-data_1.2.14-1_all.deb ...
Unpacking libasound2-data (1.2.14-1) ...
Selecting previously unselected package libasound2t64:amd64.
Preparing to unpack .../1-libasound2t64_1.2.14-1_amd64.deb ...
Unpacking libasound2t64:amd64 (1.2.14-1) ...
Selecting previously unselected package libatopology2t64:amd64.
Preparing to unpack .../2-libatopology2t64_1.2.14-1_amd64.deb ...
Unpacking libatopology2t64:amd64 (1.2.14-1) ...
Selecting previously unselected package libgomp1:amd64.
Preparing to unpack .../3-libgomp1_14.2.0-19_amd64.deb ...
Unpacking libgomp1:amd64 (14.2.0-19) ...
Selecting previously unselected package libfftw3-single3:amd64.
Preparing to unpack .../4-libfftw3-single3_3.3.10-2+b1_amd64.deb ...
Unpacking libfftw3-single3:amd64 (3.3.10-2+b1) ...
Selecting previously unselected package libsamplerate0:amd64.
Preparing to unpack .../5-libsamplerate0_0.2.2-4+b2_amd64.deb ...
Unpacking libsamplerate0:amd64 (0.2.2-4+b2) ...
Selecting previously unselected package alsa-utils.
Preparing to unpack .../6-alsa-utils_1.2.14-1_amd64.deb ...
Unpacking alsa-utils (1.2.14-1) ...
Setting up libgomp1:amd64 (14.2.0-19) ...
Setting up libasound2-data (1.2.14-1) ...
Setting up libasound2t64:amd64 (1.2.14-1) ...
Setting up libsamplerate0:amd64 (0.2.2-4+b2) ...
Setting up libatopology2t64:amd64 (1.2.14-1) ...
Setting up libfftw3-single3:amd64 (3.3.10-2+b1) ...
Setting up alsa-utils (1.2.14-1) ...
Processing triggers for libc-bin (2.41-12) ...
'./cld/doc/alsa-help.txt' -> '/usr/local/cld/doc/alsa-help.txt'
CLDS: * Install ALSA sound.
CLDS: * Test sound: aplay /usr/share/sounds/alsa/*.
CLDS: * Add key bindings.
CLDS: * Disk size = 1662264K. Space Used = 12196K. Runtime = 00:00:00:02.
CLDS:>>>>>>>>> Running inst-min-con-udevil.sh ...
Reading package lists...
Building dependency tree...
Reading state information...
Suggested packages:
  eject cifs-utils curlftpfs sshfs
Recommended packages:
  udisks2
The following NEW packages will be installed:
  udevil
0 upgraded, 1 newly installed, 0 to remove and 0 not upgraded.
Need to get 94.5 kB of archives.
After this operation, 431 kB of additional disk space will be used.
Get:1 http://localhost/aptly-repo/master_trixie-main trixie/main amd64 udevil amd64 0.4.4-4 [94.5 kB]
dpkg-preconfigure: unable to re-open stdin: No such file or directory
Fetched 94.5 kB in 0s (1,294 kB/s)
E: Can not write log (Is /dev/pts mounted?) - posix_openpt (2: No such file or directory)
Selecting previously unselected package udevil.
(Reading database ... 20961 files and directories currently installed.)
Preparing to unpack .../udevil_0.4.4-4_amd64.deb ...
Unpacking udevil (0.4.4-4) ...
Setting up udevil (0.4.4-4) ...
'./cld/systemd/runlevel/after-boot/devmon.sh' -> '/usr/local/cld/systemd/runlevel/after-boot/devmon.sh'
CLDS: * Install udevil version 0.4.4.
CLDS: * Install udevil to auto mount USB devices.
CLDS: * Set devmon to auto start on startup.
CLDS: * Need ntfs-3g driver to be able to read and write ntfs partition.
CLDS: * Need exfat-fuse to be able to read and write exfat partition.
CLDS: * Disk size = 1662616K. Space Used = 352K. Runtime = 00:00:00:01.
CLDS:>>>>>>>>> Running inst-min-con-users-poweruser.sh ...
usermod: no changes
New password: Retype new password: passwd: password updated successfully
CLDS: * Created poweruser: Username/pwd = poweruser/poweruser.
CLDS: * Disk size = 1662648K. Space Used = 32K. Runtime = 00:00:00:00.
CLDS:>>>>>>>>> Running inst-min-win-00-xorg-0-drivers-fix-libegl-mesa0.sh ...
Reading package lists...
Building dependency tree...
Reading state information...
The following additional packages will be installed:
  libdrm-amdgpu1 libdrm-common libdrm-intel1 libdrm2 libgbm1 libllvm19
  libpciaccess0 libsensors-config libsensors5 libwayland-client0
  libwayland-server0 libx11-xcb1 libxcb-dri3-0 libxcb-present0 libxcb-randr0
  libxcb-shm0 libxcb-sync1 libxcb-xfixes0 libxml2 libxshmfence1 libz3-4
  mesa-libgallium
Suggested packages:
  lm-sensors
The following NEW packages will be installed:
  libdrm-amdgpu1 libdrm-common libdrm-intel1 libdrm2 libegl-mesa0 libgbm1
  libllvm19 libpciaccess0 libsensors-config libsensors5 libwayland-client0
  libwayland-server0 libx11-xcb1 libxcb-dri3-0 libxcb-present0 libxcb-randr0
  libxcb-shm0 libxcb-sync1 libxcb-xfixes0 libxml2 libxshmfence1 libz3-4
  mesa-libgallium
0 upgraded, 23 newly installed, 0 to remove and 0 not upgraded.
Need to get 46.2 MB of archives.
After this operation, 205 MB of additional disk space will be used.
Get:1 http://localhost/aptly-repo/master_trixie-main trixie/main amd64 libdrm-common all 2.4.124-2 [8,288 B]
Get:2 http://localhost/aptly-repo/master_trixie-main trixie/main amd64 libdrm2 amd64 2.4.124-2 [39.0 kB]
Get:3 http://localhost/aptly-repo/master_trixie-main trixie/main amd64 libdrm-amdgpu1 amd64 2.4.124-2 [22.6 kB]
Get:4 http://localhost/aptly-repo/master_trixie-main trixie/main amd64 libpciaccess0 amd64 0.17-3+b3 [51.9 kB]
Get:5 http://localhost/aptly-repo/master_trixie-main trixie/main amd64 libdrm-intel1 amd64 2.4.124-2 [64.1 kB]
Get:6 http://localhost/aptly-repo/master_trixie-main trixie/main amd64 libwayland-server0 amd64 1.23.1-3 [34.4 kB]
Get:7 http://localhost/aptly-repo/master_trixie-main trixie/main amd64 libxml2 amd64 2.12.7+dfsg+really2.9.14-2.1+deb13u2 [698 kB]
Get:8 http://localhost/aptly-repo/master_trixie-main trixie/main amd64 libz3-4 amd64 4.13.3-1 [8,560 kB]
Get:9 http://localhost/aptly-repo/master_trixie-main trixie/main amd64 libllvm19 amd64 1:19.1.7-3+b1 [26.0 MB]
Get:10 http://localhost/aptly-repo/master_trixie-main trixie/main amd64 libsensors-config all 1:3.6.2-2 [16.2 kB]
Get:11 http://localhost/aptly-repo/master_trixie-main trixie/main amd64 libsensors5 amd64 1:3.6.2-2 [37.5 kB]
Get:12 http://localhost/aptly-repo/master_trixie-main trixie/main amd64 libx11-xcb1 amd64 2:1.8.12-1 [247 kB]
Get:13 http://localhost/aptly-repo/master_trixie-main trixie/main amd64 libxcb-dri3-0 amd64 1.17.0-2+b1 [107 kB]
Get:14 http://localhost/aptly-repo/master_trixie-main trixie/main amd64 libxcb-present0 amd64 1.17.0-2+b1 [106 kB]
Get:15 http://localhost/aptly-repo/master_trixie-main trixie/main amd64 libxcb-randr0 amd64 1.17.0-2+b1 [117 kB]
Get:16 http://localhost/aptly-repo/master_trixie-main trixie/main amd64 libxcb-sync1 amd64 1.17.0-2+b1 [109 kB]
Get:17 http://localhost/aptly-repo/master_trixie-main trixie/main amd64 libxcb-xfixes0 amd64 1.17.0-2+b1 [109 kB]
Get:18 http://localhost/aptly-repo/master_trixie-main trixie/main amd64 libxshmfence1 amd64 1.3.3-1 [10.9 kB]
Get:19 http://localhost/aptly-repo/master_trixie-main trixie/main amd64 mesa-libgallium amd64 25.0.7-2 [9,629 kB]
Get:20 http://localhost/aptly-repo/master_trixie-main trixie/main amd64 libgbm1 amd64 25.0.7-2 [44.4 kB]
Get:21 http://localhost/aptly-repo/master_trixie-main trixie/main amd64 libwayland-client0 amd64 1.23.1-3 [26.8 kB]
Get:22 http://localhost/aptly-repo/master_trixie-main trixie/main amd64 libxcb-shm0 amd64 1.17.0-2+b1 [105 kB]
Get:23 http://localhost/aptly-repo/master_trixie-main trixie/main amd64 libegl-mesa0 amd64 25.0.7-2 [128 kB]
dpkg-preconfigure: unable to re-open stdin: No such file or directory
Fetched 46.2 MB in 0s (104 MB/s)
E: Can not write log (Is /dev/pts mounted?) - posix_openpt (2: No such file or directory)
Selecting previously unselected package libdrm-common.
(Reading database ... 20983 files and directories currently installed.)
Preparing to unpack .../00-libdrm-common_2.4.124-2_all.deb ...
Unpacking libdrm-common (2.4.124-2) ...
Selecting previously unselected package libdrm2:amd64.
Preparing to unpack .../01-libdrm2_2.4.124-2_amd64.deb ...
Unpacking libdrm2:amd64 (2.4.124-2) ...
Selecting previously unselected package libdrm-amdgpu1:amd64.
Preparing to unpack .../02-libdrm-amdgpu1_2.4.124-2_amd64.deb ...
Unpacking libdrm-amdgpu1:amd64 (2.4.124-2) ...
Selecting previously unselected package libpciaccess0:amd64.
Preparing to unpack .../03-libpciaccess0_0.17-3+b3_amd64.deb ...
Unpacking libpciaccess0:amd64 (0.17-3+b3) ...
Selecting previously unselected package libdrm-intel1:amd64.
Preparing to unpack .../04-libdrm-intel1_2.4.124-2_amd64.deb ...
Unpacking libdrm-intel1:amd64 (2.4.124-2) ...
Selecting previously unselected package libwayland-server0:amd64.
Preparing to unpack .../05-libwayland-server0_1.23.1-3_amd64.deb ...
Unpacking libwayland-server0:amd64 (1.23.1-3) ...
Selecting previously unselected package libxml2:amd64.
Preparing to unpack .../06-libxml2_2.12.7+dfsg+really2.9.14-2.1+deb13u2_amd64.deb ...
Unpacking libxml2:amd64 (2.12.7+dfsg+really2.9.14-2.1+deb13u2) ...
Selecting previously unselected package libz3-4:amd64.
Preparing to unpack .../07-libz3-4_4.13.3-1_amd64.deb ...
Unpacking libz3-4:amd64 (4.13.3-1) ...
Selecting previously unselected package libllvm19:amd64.
Preparing to unpack .../08-libllvm19_1%3a19.1.7-3+b1_amd64.deb ...
Unpacking libllvm19:amd64 (1:19.1.7-3+b1) ...
Selecting previously unselected package libsensors-config.
Preparing to unpack .../09-libsensors-config_1%3a3.6.2-2_all.deb ...
Unpacking libsensors-config (1:3.6.2-2) ...
Selecting previously unselected package libsensors5:amd64.
Preparing to unpack .../10-libsensors5_1%3a3.6.2-2_amd64.deb ...
Unpacking libsensors5:amd64 (1:3.6.2-2) ...
Selecting previously unselected package libx11-xcb1:amd64.
Preparing to unpack .../11-libx11-xcb1_2%3a1.8.12-1_amd64.deb ...
Unpacking libx11-xcb1:amd64 (2:1.8.12-1) ...
Selecting previously unselected package libxcb-dri3-0:amd64.
Preparing to unpack .../12-libxcb-dri3-0_1.17.0-2+b1_amd64.deb ...
Unpacking libxcb-dri3-0:amd64 (1.17.0-2+b1) ...
Selecting previously unselected package libxcb-present0:amd64.
Preparing to unpack .../13-libxcb-present0_1.17.0-2+b1_amd64.deb ...
Unpacking libxcb-present0:amd64 (1.17.0-2+b1) ...
Selecting previously unselected package libxcb-randr0:amd64.
Preparing to unpack .../14-libxcb-randr0_1.17.0-2+b1_amd64.deb ...
Unpacking libxcb-randr0:amd64 (1.17.0-2+b1) ...
Selecting previously unselected package libxcb-sync1:amd64.
Preparing to unpack .../15-libxcb-sync1_1.17.0-2+b1_amd64.deb ...
Unpacking libxcb-sync1:amd64 (1.17.0-2+b1) ...
Selecting previously unselected package libxcb-xfixes0:amd64.
Preparing to unpack .../16-libxcb-xfixes0_1.17.0-2+b1_amd64.deb ...
Unpacking libxcb-xfixes0:amd64 (1.17.0-2+b1) ...
Selecting previously unselected package libxshmfence1:amd64.
Preparing to unpack .../17-libxshmfence1_1.3.3-1_amd64.deb ...
Unpacking libxshmfence1:amd64 (1.3.3-1) ...
Selecting previously unselected package mesa-libgallium:amd64.
Preparing to unpack .../18-mesa-libgallium_25.0.7-2_amd64.deb ...
Unpacking mesa-libgallium:amd64 (25.0.7-2) ...
Selecting previously unselected package libgbm1:amd64.
Preparing to unpack .../19-libgbm1_25.0.7-2_amd64.deb ...
Unpacking libgbm1:amd64 (25.0.7-2) ...
Selecting previously unselected package libwayland-client0:amd64.
Preparing to unpack .../20-libwayland-client0_1.23.1-3_amd64.deb ...
Unpacking libwayland-client0:amd64 (1.23.1-3) ...
Selecting previously unselected package libxcb-shm0:amd64.
Preparing to unpack .../21-libxcb-shm0_1.17.0-2+b1_amd64.deb ...
Unpacking libxcb-shm0:amd64 (1.17.0-2+b1) ...
Selecting previously unselected package libegl-mesa0:amd64.
Preparing to unpack .../22-libegl-mesa0_25.0.7-2_amd64.deb ...
Unpacking libegl-mesa0:amd64 (25.0.7-2) ...
Setting up libxcb-dri3-0:amd64 (1.17.0-2+b1) ...
Setting up libwayland-server0:amd64 (1.23.1-3) ...
Setting up libx11-xcb1:amd64 (2:1.8.12-1) ...
Setting up libpciaccess0:amd64 (0.17-3+b3) ...
Setting up libxcb-xfixes0:amd64 (1.17.0-2+b1) ...
Setting up libsensors-config (1:3.6.2-2) ...
Setting up libxcb-shm0:amd64 (1.17.0-2+b1) ...
Setting up libxcb-present0:amd64 (1.17.0-2+b1) ...
Setting up libz3-4:amd64 (4.13.3-1) ...
Setting up libxcb-sync1:amd64 (1.17.0-2+b1) ...
Setting up libsensors5:amd64 (1:3.6.2-2) ...
Setting up libxshmfence1:amd64 (1.3.3-1) ...
Setting up libxcb-randr0:amd64 (1.17.0-2+b1) ...
Setting up libdrm-common (2.4.124-2) ...
Setting up libxml2:amd64 (2.12.7+dfsg+really2.9.14-2.1+deb13u2) ...
Setting up libwayland-client0:amd64 (1.23.1-3) ...
Setting up libllvm19:amd64 (1:19.1.7-3+b1) ...
Setting up libdrm2:amd64 (2.4.124-2) ...
Setting up libdrm-amdgpu1:amd64 (2.4.124-2) ...
Setting up libdrm-intel1:amd64 (2.4.124-2) ...
Setting up mesa-libgallium:amd64 (25.0.7-2) ...
Setting up libgbm1:amd64 (25.0.7-2) ...
Setting up libegl-mesa0:amd64 (25.0.7-2) ...
Processing triggers for libc-bin (2.41-12) ...
Reading package lists...
Building dependency tree...
Reading state information...
The following additional packages will be installed:
  libgl1-mesa-dri libvulkan1 libxcb-glx0 libxxf86vm1
Recommended packages:
  mesa-vulkan-drivers | vulkan-icd
The following NEW packages will be installed:
  libgl1-mesa-dri libglx-mesa0 libvulkan1 libxcb-glx0 libxxf86vm1
0 upgraded, 5 newly installed, 0 to remove and 0 not upgraded.
Need to get 461 kB of archives.
After this operation, 1,648 kB of additional disk space will be used.
Get:1 http://localhost/aptly-repo/master_trixie-main trixie/main amd64 libvulkan1 amd64 1.4.309.0-1 [130 kB]
Get:2 http://localhost/aptly-repo/master_trixie-main trixie/main amd64 libgl1-mesa-dri amd64 25.0.7-2 [46.1 kB]
Get:3 http://localhost/aptly-repo/master_trixie-main trixie/main amd64 libxcb-glx0 amd64 1.17.0-2+b1 [122 kB]
Get:4 http://localhost/aptly-repo/master_trixie-main trixie/main amd64 libxxf86vm1 amd64 1:1.1.4-1+b4 [19.3 kB]
Get:5 http://localhost/aptly-repo/master_trixie-main trixie/main amd64 libglx-mesa0 amd64 25.0.7-2 [143 kB]
dpkg-preconfigure: unable to re-open stdin: No such file or directory
Fetched 461 kB in 0s (5,717 kB/s)
E: Can not write log (Is /dev/pts mounted?) - posix_openpt (2: No such file or directory)
Selecting previously unselected package libvulkan1:amd64.
(Reading database ... 21143 files and directories currently installed.)
Preparing to unpack .../libvulkan1_1.4.309.0-1_amd64.deb ...
Unpacking libvulkan1:amd64 (1.4.309.0-1) ...
Selecting previously unselected package libgl1-mesa-dri:amd64.
Preparing to unpack .../libgl1-mesa-dri_25.0.7-2_amd64.deb ...
Unpacking libgl1-mesa-dri:amd64 (25.0.7-2) ...
Selecting previously unselected package libxcb-glx0:amd64.
Preparing to unpack .../libxcb-glx0_1.17.0-2+b1_amd64.deb ...
Unpacking libxcb-glx0:amd64 (1.17.0-2+b1) ...
Selecting previously unselected package libxxf86vm1:amd64.
Preparing to unpack .../libxxf86vm1_1%3a1.1.4-1+b4_amd64.deb ...
Unpacking libxxf86vm1:amd64 (1:1.1.4-1+b4) ...
Selecting previously unselected package libglx-mesa0:amd64.
Preparing to unpack .../libglx-mesa0_25.0.7-2_amd64.deb ...
Unpacking libglx-mesa0:amd64 (25.0.7-2) ...
Setting up libxcb-glx0:amd64 (1.17.0-2+b1) ...
Setting up libxxf86vm1:amd64 (1:1.1.4-1+b4) ...
Setting up libvulkan1:amd64 (1.4.309.0-1) ...
Setting up libgl1-mesa-dri:amd64 (25.0.7-2) ...
Setting up libglx-mesa0:amd64 (25.0.7-2) ...
Processing triggers for libc-bin (2.41-12) ...
CLDS: * Install libegl-mesa0.
CLDS: * Disk size = 1910576K. Space Used = 247928K. Runtime = 00:00:00:07.
CLDS:>>>>>>>>> Running inst-min-win-00-xorg-drivers.sh ...
info: Trying to set 'keyboard-configuration/unsupported_options' [boolean] to 'true'
info: Loading answer for 'keyboard-configuration/unsupported_options'
info: Trying to set 'keyboard-configuration/toggle' [select] to ' No toggling'
info: Loading answer for 'keyboard-configuration/toggle'
info: Trying to set 'keyboard-configuration/xkb-keymap' [select] to ' us'
info: Loading answer for 'keyboard-configuration/xkb-keymap'
info: Trying to set 'keyboard-configuration/unsupported_config_layout' [boolean] to 'true'
info: Loading answer for 'keyboard-configuration/unsupported_config_layout'
info: Trying to set 'keyboard-configuration/switch' [select] to ' No temporary switch'
info: Loading answer for 'keyboard-configuration/switch'
info: Trying to set 'keyboard-configuration/altgr' [select] to ' The default for the keyboard layout'
info: Loading answer for 'keyboard-configuration/altgr'
info: Trying to set 'keyboard-configuration/compose' [select] to ' No compose key'
info: Loading answer for 'keyboard-configuration/compose'
info: Trying to set 'keyboard-configuration/ctrl_alt_bksp' [boolean] to 'false'
info: Loading answer for 'keyboard-configuration/ctrl_alt_bksp'
info: Trying to set 'keyboard-configuration/layoutcode' [string] to ' us'
info: Loading answer for 'keyboard-configuration/layoutcode'
info: Trying to set 'keyboard-configuration/model' [select] to ' Generic 105-key (Intl) PC'
info: Loading answer for 'keyboard-configuration/model'
info: Trying to set 'keyboard-configuration/variant' [select] to ' English (US)'
info: Loading answer for 'keyboard-configuration/variant'
info: Trying to set 'keyboard-configuration/unsupported_layout' [boolean] to 'true'
info: Loading answer for 'keyboard-configuration/unsupported_layout'
info: Trying to set 'keyboard-configuration/layout' [select] to ' '
info: Loading answer for 'keyboard-configuration/layout'
info: Trying to set 'keyboard-configuration/unsupported_config_options' [boolean] to 'true'
info: Loading answer for 'keyboard-configuration/unsupported_config_options'
info: Trying to set 'keyboard-configuration/store_defaults_in_debconf_db' [boolean] to 'true'
info: Loading answer for 'keyboard-configuration/store_defaults_in_debconf_db'
info: Trying to set 'keyboard-configuration/modelcode' [string] to ' pc105'
info: Loading answer for 'keyboard-configuration/modelcode'
info: Trying to set 'keyboard-configuration/optionscode' [string] to ' '
info: Loading answer for 'keyboard-configuration/optionscode'
info: Trying to set 'keyboard-configuration/variantcode' [string] to 'alt-intl'
info: Loading answer for 'keyboard-configuration/variantcode'
Reading package lists...
Building dependency tree...
Reading state information...
The following additional packages will be installed:
  keyboard-configuration libdrm-nouveau2 libdrm-radeon1 libegl1 libepoxy0
  libfontenc1 libfreetype6 libgl1 libglvnd0 libglx0 libice6 libpixman-1-0
  libpng16-16t64 libsm6 libunwind8 libxatracker2 libxaw7 libxcvt0 libxfont2
  libxkbfile1 libxmu6 libxpm4 libxrandr2 libxrender1 libxt6t64 x11-xkb-utils
  xkb-data xserver-common xserver-xorg-core xserver-xorg-video-amdgpu
  xserver-xorg-video-ati xserver-xorg-video-fbdev xserver-xorg-video-nouveau
  xserver-xorg-video-radeon xserver-xorg-video-vesa xserver-xorg-video-vmware
Suggested packages:
  xfonts-100dpi | xfonts-75dpi xfonts-scalable xserver-xorg-video-r128
  xserver-xorg-video-mach64
Recommended packages:
  xfonts-base xauth default-logind | logind xcvt xserver-xorg-video-intel
  xserver-xorg-video-qxl
The following NEW packages will be installed:
  keyboard-configuration libdrm-nouveau2 libdrm-radeon1 libegl1 libepoxy0
  libfontenc1 libfreetype6 libgl1 libglvnd0 libglx0 libice6 libpixman-1-0
  libpng16-16t64 libsm6 libunwind8 libxatracker2 libxaw7 libxcvt0 libxfont2
  libxkbfile1 libxmu6 libxpm4 libxrandr2 libxrender1 libxt6t64 x11-xkb-utils
  xkb-data xserver-common xserver-xorg-core xserver-xorg-video-all
  xserver-xorg-video-amdgpu xserver-xorg-video-ati xserver-xorg-video-fbdev
  xserver-xorg-video-nouveau xserver-xorg-video-radeon xserver-xorg-video-vesa
  xserver-xorg-video-vmware
0 upgraded, 37 newly installed, 0 to remove and 0 not upgraded.
Need to get 13.7 MB of archives.
After this operation, 42.7 MB of additional disk space will be used.
Get:1 http://localhost/aptly-repo/master_trixie-main trixie/main amd64 xkb-data all 2.42-1 [790 kB]
Get:2 http://localhost/aptly-repo/master_trixie-main trixie/main amd64 keyboard-configuration all 1.242~deb13u1 [429 kB]
Get:3 http://localhost/aptly-repo/master_trixie-main trixie/main amd64 libdrm-nouveau2 amd64 2.4.124-2 [19.9 kB]
Get:4 http://localhost/aptly-repo/master_trixie-main trixie/main amd64 libdrm-radeon1 amd64 2.4.124-2 [22.6 kB]
Get:5 http://localhost/aptly-repo/master_trixie-main trixie/main amd64 libepoxy0 amd64 1.5.10-2 [193 kB]
Get:6 http://localhost/aptly-repo/master_trixie-main trixie/main amd64 libfontenc1 amd64 1:1.1.8-1+b2 [23.3 kB]
Get:7 http://localhost/aptly-repo/master_trixie-main trixie/main amd64 libpng16-16t64 amd64 1.6.48-1 [282 kB]
Get:8 http://localhost/aptly-repo/master_trixie-main trixie/main amd64 libfreetype6 amd64 2.13.3+dfsg-1 [452 kB]
Get:9 http://localhost/aptly-repo/master_trixie-main trixie/main amd64 libglvnd0 amd64 1.7.0-1+b2 [52.0 kB]
Get:10 http://localhost/aptly-repo/master_trixie-main trixie/main amd64 libglx0 amd64 1.7.0-1+b2 [34.9 kB]
Get:11 http://localhost/aptly-repo/master_trixie-main trixie/main amd64 libgl1 amd64 1.7.0-1+b2 [89.5 kB]
Get:12 http://localhost/aptly-repo/master_trixie-main trixie/main amd64 libice6 amd64 2:1.1.1-1 [65.4 kB]
Get:13 http://localhost/aptly-repo/master_trixie-main trixie/main amd64 libpixman-1-0 amd64 0.44.0-3 [248 kB]
Get:14 http://localhost/aptly-repo/master_trixie-main trixie/main amd64 libsm6 amd64 2:1.2.6-1 [37.3 kB]
Get:15 http://localhost/aptly-repo/master_trixie-main trixie/main amd64 libunwind8 amd64 1.8.1-0.1 [56.3 kB]
Get:16 http://localhost/aptly-repo/master_trixie-main trixie/main amd64 libxatracker2 amd64 25.0.7-2 [2,298 kB]
Get:17 http://localhost/aptly-repo/master_trixie-main trixie/main amd64 libxt6t64 amd64 1:1.2.1-1.2+b2 [188 kB]
Get:18 http://localhost/aptly-repo/master_trixie-main trixie/main amd64 libxmu6 amd64 2:1.1.3-3+b4 [59.0 kB]
Get:19 http://localhost/aptly-repo/master_trixie-main trixie/main amd64 libxpm4 amd64 1:3.5.17-1+b3 [56.2 kB]
Get:20 http://localhost/aptly-repo/master_trixie-main trixie/main amd64 libxaw7 amd64 2:1.0.16-1 [212 kB]
Get:21 http://localhost/aptly-repo/master_trixie-main trixie/main amd64 libxcvt0 amd64 0.1.3-1 [5,432 B]
Get:22 http://localhost/aptly-repo/master_trixie-main trixie/main amd64 libxfont2 amd64 1:2.0.6-1+b3 [132 kB]
Get:23 http://localhost/aptly-repo/master_trixie-main trixie/main amd64 libxkbfile1 amd64 1:1.1.0-1+b4 [76.5 kB]
Get:24 http://localhost/aptly-repo/master_trixie-main trixie/main amd64 libxrender1 amd64 1:0.9.12-1 [27.9 kB]
Get:25 http://localhost/aptly-repo/master_trixie-main trixie/main amd64 libxrandr2 amd64 2:1.5.4-1+b3 [36.3 kB]
Get:26 http://localhost/aptly-repo/master_trixie-main trixie/main amd64 x11-xkb-utils amd64 7.7+9 [159 kB]
Get:27 http://localhost/aptly-repo/master_trixie-main trixie/main amd64 xserver-common all 2:21.1.16-1.3+deb13u1 [2,410 kB]
Get:28 http://localhost/aptly-repo/master_trixie-main trixie/main amd64 libegl1 amd64 1.7.0-1+b2 [34.6 kB]
Get:29 http://localhost/aptly-repo/master_trixie-main trixie/main amd64 xserver-xorg-core amd64 2:21.1.16-1.3+deb13u1 [3,777 kB]
Get:30 http://localhost/aptly-repo/master_trixie-main trixie/main amd64 xserver-xorg-video-amdgpu amd64 23.0.0-1 [136 kB]
Get:31 http://localhost/aptly-repo/master_trixie-main trixie/main amd64 xserver-xorg-video-radeon amd64 1:22.0.0-1 [493 kB]
Get:32 http://localhost/aptly-repo/master_trixie-main trixie/main amd64 xserver-xorg-video-ati amd64 1:22.0.0-1 [352 kB]
Get:33 http://localhost/aptly-repo/master_trixie-main trixie/main amd64 xserver-xorg-video-fbdev amd64 1:0.5.0-2 [25.4 kB]
Get:34 http://localhost/aptly-repo/master_trixie-main trixie/main amd64 xserver-xorg-video-nouveau amd64 1:1.0.18-1 [303 kB]
Get:35 http://localhost/aptly-repo/master_trixie-main trixie/main amd64 xserver-xorg-video-vesa amd64 1:2.6.0-2 [29.5 kB]
Get:36 http://localhost/aptly-repo/master_trixie-main trixie/main amd64 xserver-xorg-video-vmware amd64 1:13.4.0-1 [115 kB]
Get:37 http://localhost/aptly-repo/master_trixie-main trixie/main amd64 xserver-xorg-video-all amd64 1:7.7+24+deb13u1 [4,296 B]
dpkg-preconfigure: unable to re-open stdin: No such file or directory
Fetched 13.7 MB in 0s (51.7 MB/s)
E: Can not write log (Is /dev/pts mounted?) - posix_openpt (2: No such file or directory)
Selecting previously unselected package xkb-data.
(Reading database ... 21200 files and directories currently installed.)
Preparing to unpack .../00-xkb-data_2.42-1_all.deb ...
Unpacking xkb-data (2.42-1) ...
Selecting previously unselected package keyboard-configuration.
Preparing to unpack .../01-keyboard-configuration_1.242~deb13u1_all.deb ...
Unpacking keyboard-configuration (1.242~deb13u1) ...
Selecting previously unselected package libdrm-nouveau2:amd64.
Preparing to unpack .../02-libdrm-nouveau2_2.4.124-2_amd64.deb ...
Unpacking libdrm-nouveau2:amd64 (2.4.124-2) ...
Selecting previously unselected package libdrm-radeon1:amd64.
Preparing to unpack .../03-libdrm-radeon1_2.4.124-2_amd64.deb ...
Unpacking libdrm-radeon1:amd64 (2.4.124-2) ...
Selecting previously unselected package libepoxy0:amd64.
Preparing to unpack .../04-libepoxy0_1.5.10-2_amd64.deb ...
Unpacking libepoxy0:amd64 (1.5.10-2) ...
Selecting previously unselected package libfontenc1:amd64.
Preparing to unpack .../05-libfontenc1_1%3a1.1.8-1+b2_amd64.deb ...
Unpacking libfontenc1:amd64 (1:1.1.8-1+b2) ...
Selecting previously unselected package libpng16-16t64:amd64.
Preparing to unpack .../06-libpng16-16t64_1.6.48-1_amd64.deb ...
Unpacking libpng16-16t64:amd64 (1.6.48-1) ...
Selecting previously unselected package libfreetype6:amd64.
Preparing to unpack .../07-libfreetype6_2.13.3+dfsg-1_amd64.deb ...
Unpacking libfreetype6:amd64 (2.13.3+dfsg-1) ...
Selecting previously unselected package libglvnd0:amd64.
Preparing to unpack .../08-libglvnd0_1.7.0-1+b2_amd64.deb ...
Unpacking libglvnd0:amd64 (1.7.0-1+b2) ...
Selecting previously unselected package libglx0:amd64.
Preparing to unpack .../09-libglx0_1.7.0-1+b2_amd64.deb ...
Unpacking libglx0:amd64 (1.7.0-1+b2) ...
Selecting previously unselected package libgl1:amd64.
Preparing to unpack .../10-libgl1_1.7.0-1+b2_amd64.deb ...
Unpacking libgl1:amd64 (1.7.0-1+b2) ...
Selecting previously unselected package libice6:amd64.
Preparing to unpack .../11-libice6_2%3a1.1.1-1_amd64.deb ...
Unpacking libice6:amd64 (2:1.1.1-1) ...
Selecting previously unselected package libpixman-1-0:amd64.
Preparing to unpack .../12-libpixman-1-0_0.44.0-3_amd64.deb ...
Unpacking libpixman-1-0:amd64 (0.44.0-3) ...
Selecting previously unselected package libsm6:amd64.
Preparing to unpack .../13-libsm6_2%3a1.2.6-1_amd64.deb ...
Unpacking libsm6:amd64 (2:1.2.6-1) ...
Selecting previously unselected package libunwind8:amd64.
Preparing to unpack .../14-libunwind8_1.8.1-0.1_amd64.deb ...
Unpacking libunwind8:amd64 (1.8.1-0.1) ...
Selecting previously unselected package libxatracker2:amd64.
Preparing to unpack .../15-libxatracker2_25.0.7-2_amd64.deb ...
Unpacking libxatracker2:amd64 (25.0.7-2) ...
Selecting previously unselected package libxt6t64:amd64.
Preparing to unpack .../16-libxt6t64_1%3a1.2.1-1.2+b2_amd64.deb ...
Unpacking libxt6t64:amd64 (1:1.2.1-1.2+b2) ...
Selecting previously unselected package libxmu6:amd64.
Preparing to unpack .../17-libxmu6_2%3a1.1.3-3+b4_amd64.deb ...
Unpacking libxmu6:amd64 (2:1.1.3-3+b4) ...
Selecting previously unselected package libxpm4:amd64.
Preparing to unpack .../18-libxpm4_1%3a3.5.17-1+b3_amd64.deb ...
Unpacking libxpm4:amd64 (1:3.5.17-1+b3) ...
Selecting previously unselected package libxaw7:amd64.
Preparing to unpack .../19-libxaw7_2%3a1.0.16-1_amd64.deb ...
Unpacking libxaw7:amd64 (2:1.0.16-1) ...
Selecting previously unselected package libxcvt0:amd64.
Preparing to unpack .../20-libxcvt0_0.1.3-1_amd64.deb ...
Unpacking libxcvt0:amd64 (0.1.3-1) ...
Selecting previously unselected package libxfont2:amd64.
Preparing to unpack .../21-libxfont2_1%3a2.0.6-1+b3_amd64.deb ...
Unpacking libxfont2:amd64 (1:2.0.6-1+b3) ...
Selecting previously unselected package libxkbfile1:amd64.
Preparing to unpack .../22-libxkbfile1_1%3a1.1.0-1+b4_amd64.deb ...
Unpacking libxkbfile1:amd64 (1:1.1.0-1+b4) ...
Selecting previously unselected package libxrender1:amd64.
Preparing to unpack .../23-libxrender1_1%3a0.9.12-1_amd64.deb ...
Unpacking libxrender1:amd64 (1:0.9.12-1) ...
Selecting previously unselected package libxrandr2:amd64.
Preparing to unpack .../24-libxrandr2_2%3a1.5.4-1+b3_amd64.deb ...
Unpacking libxrandr2:amd64 (2:1.5.4-1+b3) ...
Selecting previously unselected package x11-xkb-utils.
Preparing to unpack .../25-x11-xkb-utils_7.7+9_amd64.deb ...
Unpacking x11-xkb-utils (7.7+9) ...
Selecting previously unselected package xserver-common.
Preparing to unpack .../26-xserver-common_2%3a21.1.16-1.3+deb13u1_all.deb ...
Unpacking xserver-common (2:21.1.16-1.3+deb13u1) ...
Selecting previously unselected package libegl1:amd64.
Preparing to unpack .../27-libegl1_1.7.0-1+b2_amd64.deb ...
Unpacking libegl1:amd64 (1.7.0-1+b2) ...
Selecting previously unselected package xserver-xorg-core.
Preparing to unpack .../28-xserver-xorg-core_2%3a21.1.16-1.3+deb13u1_amd64.deb ...
Unpacking xserver-xorg-core (2:21.1.16-1.3+deb13u1) ...
Selecting previously unselected package xserver-xorg-video-amdgpu.
Preparing to unpack .../29-xserver-xorg-video-amdgpu_23.0.0-1_amd64.deb ...
Unpacking xserver-xorg-video-amdgpu (23.0.0-1) ...
Selecting previously unselected package xserver-xorg-video-radeon.
Preparing to unpack .../30-xserver-xorg-video-radeon_1%3a22.0.0-1_amd64.deb ...
Unpacking xserver-xorg-video-radeon (1:22.0.0-1) ...
Selecting previously unselected package xserver-xorg-video-ati.
Preparing to unpack .../31-xserver-xorg-video-ati_1%3a22.0.0-1_amd64.deb ...
Unpacking xserver-xorg-video-ati (1:22.0.0-1) ...
Selecting previously unselected package xserver-xorg-video-fbdev.
Preparing to unpack .../32-xserver-xorg-video-fbdev_1%3a0.5.0-2_amd64.deb ...
Unpacking xserver-xorg-video-fbdev (1:0.5.0-2) ...
Selecting previously unselected package xserver-xorg-video-nouveau.
Preparing to unpack .../33-xserver-xorg-video-nouveau_1%3a1.0.18-1_amd64.deb ...
Unpacking xserver-xorg-video-nouveau (1:1.0.18-1) ...
Selecting previously unselected package xserver-xorg-video-vesa.
Preparing to unpack .../34-xserver-xorg-video-vesa_1%3a2.6.0-2_amd64.deb ...
Unpacking xserver-xorg-video-vesa (1:2.6.0-2) ...
Selecting previously unselected package xserver-xorg-video-vmware.
Preparing to unpack .../35-xserver-xorg-video-vmware_1%3a13.4.0-1_amd64.deb ...
Unpacking xserver-xorg-video-vmware (1:13.4.0-1) ...
Selecting previously unselected package xserver-xorg-video-all.
Preparing to unpack .../36-xserver-xorg-video-all_1%3a7.7+24+deb13u1_amd64.deb ...
Unpacking xserver-xorg-video-all (1:7.7+24+deb13u1) ...
Setting up libpixman-1-0:amd64 (0.44.0-3) ...
Setting up libice6:amd64 (2:1.1.1-1) ...
Setting up libdrm-nouveau2:amd64 (2.4.124-2) ...
Setting up libxpm4:amd64 (1:3.5.17-1+b3) ...
Setting up libxrender1:amd64 (1:0.9.12-1) ...
Setting up libdrm-radeon1:amd64 (2.4.124-2) ...
Setting up libglvnd0:amd64 (1.7.0-1+b2) ...
Setting up xkb-data (2.42-1) ...
Setting up libunwind8:amd64 (1.8.1-0.1) ...
Setting up libxatracker2:amd64 (25.0.7-2) ...
Setting up libfontenc1:amd64 (1:1.1.8-1+b2) ...
Setting up libepoxy0:amd64 (1.5.10-2) ...
Setting up libpng16-16t64:amd64 (1.6.48-1) ...
Setting up libxrandr2:amd64 (2:1.5.4-1+b3) ...
Setting up libegl1:amd64 (1.7.0-1+b2) ...
Setting up libxcvt0:amd64 (0.1.3-1) ...
Setting up libxkbfile1:amd64 (1:1.1.0-1+b4) ...
Setting up keyboard-configuration (1.242~deb13u1) ...
Setting up libsm6:amd64 (2:1.2.6-1) ...
Setting up libglx0:amd64 (1.7.0-1+b2) ...
Setting up libgl1:amd64 (1.7.0-1+b2) ...
Setting up libfreetype6:amd64 (2.13.3+dfsg-1) ...
Setting up libxt6t64:amd64 (1:1.2.1-1.2+b2) ...
Setting up libxfont2:amd64 (1:2.0.6-1+b3) ...
Setting up libxmu6:amd64 (2:1.1.3-3+b4) ...
Setting up libxaw7:amd64 (2:1.0.16-1) ...
Setting up x11-xkb-utils (7.7+9) ...
Setting up xserver-common (2:21.1.16-1.3+deb13u1) ...
Setting up xserver-xorg-core (2:21.1.16-1.3+deb13u1) ...
Setting up xserver-xorg-video-radeon (1:22.0.0-1) ...
Setting up xserver-xorg-video-fbdev (1:0.5.0-2) ...
Setting up xserver-xorg-video-vmware (1:13.4.0-1) ...
Setting up xserver-xorg-video-vesa (1:2.6.0-2) ...
Setting up xserver-xorg-video-amdgpu (23.0.0-1) ...
Setting up xserver-xorg-video-nouveau (1:1.0.18-1) ...
Setting up xserver-xorg-video-ati (1:22.0.0-1) ...
Setting up xserver-xorg-video-all (1:7.7+24+deb13u1) ...
Processing triggers for libc-bin (2.41-12) ...
Reading package lists...
Building dependency tree...
Reading state information...
xserver-xorg-video-amdgpu is already the newest version (23.0.0-1).
xserver-xorg-video-amdgpu set to manually installed.
0 upgraded, 0 newly installed, 0 to remove and 0 not upgraded.
Reading package lists...
Building dependency tree...
Reading state information...
xserver-xorg-video-ati is already the newest version (1:22.0.0-1).
xserver-xorg-video-ati set to manually installed.
0 upgraded, 0 newly installed, 0 to remove and 0 not upgraded.
Reading package lists...
Building dependency tree...
Reading state information...
xserver-xorg-video-fbdev is already the newest version (1:0.5.0-2).
xserver-xorg-video-fbdev set to manually installed.
0 upgraded, 0 newly installed, 0 to remove and 0 not upgraded.
Reading package lists...
Building dependency tree...
Reading state information...
xserver-xorg-video-nouveau is already the newest version (1:1.0.18-1).
xserver-xorg-video-nouveau set to manually installed.
0 upgraded, 0 newly installed, 0 to remove and 0 not upgraded.
Reading package lists...
Building dependency tree...
Reading state information...
xserver-xorg-video-vesa is already the newest version (1:2.6.0-2).
xserver-xorg-video-vesa set to manually installed.
0 upgraded, 0 newly installed, 0 to remove and 0 not upgraded.
Reading package lists...
Building dependency tree...
Reading state information...
xserver-xorg-video-vmware is already the newest version (1:13.4.0-1).
xserver-xorg-video-vmware set to manually installed.
0 upgraded, 0 newly installed, 0 to remove and 0 not upgraded.
Reading package lists...
Building dependency tree...
Reading state information...
xserver-xorg-video-radeon is already the newest version (1:22.0.0-1).
xserver-xorg-video-radeon set to manually installed.
0 upgraded, 0 newly installed, 0 to remove and 0 not upgraded.
Reading package lists...
Building dependency tree...
Reading state information...
The following additional packages will be installed:
  libxcb-dri2-0 libxcb-util1 libxcursor1 libxdamage1 libxfixes3 libxinerama1
  libxss1 libxvmc1
The following NEW packages will be installed:
  libxcb-dri2-0 libxcb-util1 libxcursor1 libxdamage1 libxfixes3 libxinerama1
  libxss1 libxvmc1 xserver-xorg-video-intel
0 upgraded, 9 newly installed, 0 to remove and 0 not upgraded.
Need to get 1,905 kB of archives.
After this operation, 3,823 kB of additional disk space will be used.
Get:1 http://localhost/aptly-repo/master_trixie-main trixie/main amd64 libxcb-dri2-0 amd64 1.17.0-2+b1 [107 kB]
Get:2 http://localhost/aptly-repo/master_trixie-main trixie/main amd64 libxcb-util1 amd64 0.4.1-1 [23.5 kB]
Get:3 http://localhost/aptly-repo/master_trixie-main trixie/main amd64 libxfixes3 amd64 1:6.0.0-2+b4 [20.2 kB]
Get:4 http://localhost/aptly-repo/master_trixie-main trixie/main amd64 libxcursor1 amd64 1:1.2.3-1 [39.7 kB]
Get:5 http://localhost/aptly-repo/master_trixie-main trixie/main amd64 libxdamage1 amd64 1:1.1.6-1+b2 [15.5 kB]
Get:6 http://localhost/aptly-repo/master_trixie-main trixie/main amd64 libxinerama1 amd64 2:1.1.4-3+b4 [16.0 kB]
Get:7 http://localhost/aptly-repo/master_trixie-main trixie/main amd64 libxss1 amd64 1:1.2.3-1+b3 [17.0 kB]
Get:8 http://localhost/aptly-repo/master_trixie-main trixie/main amd64 libxvmc1 amd64 2:1.0.12-2+b3 [23.9 kB]
Get:9 http://localhost/aptly-repo/master_trixie-main trixie/main amd64 xserver-xorg-video-intel amd64 2:2.99.917+git20210115-1 [1,642 kB]
dpkg-preconfigure: unable to re-open stdin: No such file or directory
Fetched 1,905 kB in 0s (7,131 kB/s)
E: Can not write log (Is /dev/pts mounted?) - posix_openpt (2: No such file or directory)
Selecting previously unselected package libxcb-dri2-0:amd64.
(Reading database ... 21894 files and directories currently installed.)
Preparing to unpack .../0-libxcb-dri2-0_1.17.0-2+b1_amd64.deb ...
Unpacking libxcb-dri2-0:amd64 (1.17.0-2+b1) ...
Selecting previously unselected package libxcb-util1:amd64.
Preparing to unpack .../1-libxcb-util1_0.4.1-1_amd64.deb ...
Unpacking libxcb-util1:amd64 (0.4.1-1) ...
Selecting previously unselected package libxfixes3:amd64.
Preparing to unpack .../2-libxfixes3_1%3a6.0.0-2+b4_amd64.deb ...
Unpacking libxfixes3:amd64 (1:6.0.0-2+b4) ...
Selecting previously unselected package libxcursor1:amd64.
Preparing to unpack .../3-libxcursor1_1%3a1.2.3-1_amd64.deb ...
Unpacking libxcursor1:amd64 (1:1.2.3-1) ...
Selecting previously unselected package libxdamage1:amd64.
Preparing to unpack .../4-libxdamage1_1%3a1.1.6-1+b2_amd64.deb ...
Unpacking libxdamage1:amd64 (1:1.1.6-1+b2) ...
Selecting previously unselected package libxinerama1:amd64.
Preparing to unpack .../5-libxinerama1_2%3a1.1.4-3+b4_amd64.deb ...
Unpacking libxinerama1:amd64 (2:1.1.4-3+b4) ...
Selecting previously unselected package libxss1:amd64.
Preparing to unpack .../6-libxss1_1%3a1.2.3-1+b3_amd64.deb ...
Unpacking libxss1:amd64 (1:1.2.3-1+b3) ...
Selecting previously unselected package libxvmc1:amd64.
Preparing to unpack .../7-libxvmc1_2%3a1.0.12-2+b3_amd64.deb ...
Unpacking libxvmc1:amd64 (2:1.0.12-2+b3) ...
Selecting previously unselected package xserver-xorg-video-intel.
Preparing to unpack .../8-xserver-xorg-video-intel_2%3a2.99.917+git20210115-1_amd64.deb ...
Unpacking xserver-xorg-video-intel (2:2.99.917+git20210115-1) ...
Setting up libxdamage1:amd64 (1:1.1.6-1+b2) ...
Setting up libxvmc1:amd64 (2:1.0.12-2+b3) ...
Setting up libxcb-util1:amd64 (0.4.1-1) ...
Setting up libxfixes3:amd64 (1:6.0.0-2+b4) ...
Setting up libxinerama1:amd64 (2:1.1.4-3+b4) ...
Setting up libxcb-dri2-0:amd64 (1.17.0-2+b1) ...
Setting up libxss1:amd64 (1:1.2.3-1+b3) ...
Setting up libxcursor1:amd64 (1:1.2.3-1) ...
Setting up xserver-xorg-video-intel (2:2.99.917+git20210115-1) ...
Processing triggers for libc-bin (2.41-12) ...
Reading package lists...
Building dependency tree...
Reading state information...
The following NEW packages will be installed:
  xserver-xorg-video-qxl
0 upgraded, 1 newly installed, 0 to remove and 0 not upgraded.
Need to get 149 kB of archives.
After this operation, 280 kB of additional disk space will be used.
Get:1 http://localhost/aptly-repo/master_trixie-main trixie/main amd64 xserver-xorg-video-qxl amd64 0.1.6-1.1 [149 kB]
dpkg-preconfigure: unable to re-open stdin: No such file or directory
Fetched 149 kB in 0s (2,825 kB/s)
E: Can not write log (Is /dev/pts mounted?) - posix_openpt (2: No such file or directory)
Selecting previously unselected package xserver-xorg-video-qxl.
(Reading database ... 21973 files and directories currently installed.)
Preparing to unpack .../xserver-xorg-video-qxl_0.1.6-1.1_amd64.deb ...
Unpacking xserver-xorg-video-qxl (0.1.6-1.1) ...
Setting up xserver-xorg-video-qxl (0.1.6-1.1) ...
Reading package lists...
Building dependency tree...
Reading state information...
The following NEW packages will be installed:
  xserver-xorg-video-mga
0 upgraded, 1 newly installed, 0 to remove and 0 not upgraded.
Need to get 105 kB of archives.
After this operation, 219 kB of additional disk space will be used.
Get:1 http://localhost/aptly-repo/master_trixie-main trixie/main amd64 xserver-xorg-video-mga amd64 1:2.0.0-1+b1 [105 kB]
dpkg-preconfigure: unable to re-open stdin: No such file or directory
Fetched 105 kB in 0s (2,660 kB/s)
E: Can not write log (Is /dev/pts mounted?) - posix_openpt (2: No such file or directory)
Selecting previously unselected package xserver-xorg-video-mga.
(Reading database ... 21982 files and directories currently installed.)
Preparing to unpack .../xserver-xorg-video-mga_1%3a2.0.0-1+b1_amd64.deb ...
Unpacking xserver-xorg-video-mga (1:2.0.0-1+b1) ...
Setting up xserver-xorg-video-mga (1:2.0.0-1+b1) ...
CLDS: * Install common xorg drivers.
CLDS: * Install xserver-xorg-video-intel to fix: cat /var/log/Xorg.0.log
CLDS: * 		Failed to initialize glamor at ScreenInit() time.
CLDS: * 		Boot from virtualbox is working fine but boot from HP, X server not loaded.
CLDS: * Disk size = 1971008K. Space Used = 60432K. Runtime = 00:00:00:07.
CLDS:>>>>>>>>> Running inst-min-win-00-xorg.sh ...
info: Trying to set 'keyboard-configuration/unsupported_options' [boolean] to 'true'
info: Loading answer for 'keyboard-configuration/unsupported_options'
info: Trying to set 'keyboard-configuration/toggle' [select] to ' No toggling'
info: Loading answer for 'keyboard-configuration/toggle'
info: Trying to set 'keyboard-configuration/xkb-keymap' [select] to ' us'
info: Loading answer for 'keyboard-configuration/xkb-keymap'
info: Trying to set 'keyboard-configuration/unsupported_config_layout' [boolean] to 'true'
info: Loading answer for 'keyboard-configuration/unsupported_config_layout'
info: Trying to set 'keyboard-configuration/switch' [select] to ' No temporary switch'
info: Loading answer for 'keyboard-configuration/switch'
info: Trying to set 'keyboard-configuration/altgr' [select] to ' The default for the keyboard layout'
info: Loading answer for 'keyboard-configuration/altgr'
info: Trying to set 'keyboard-configuration/compose' [select] to ' No compose key'
info: Loading answer for 'keyboard-configuration/compose'
info: Trying to set 'keyboard-configuration/ctrl_alt_bksp' [boolean] to 'false'
info: Loading answer for 'keyboard-configuration/ctrl_alt_bksp'
info: Trying to set 'keyboard-configuration/layoutcode' [string] to ' us'
info: Loading answer for 'keyboard-configuration/layoutcode'
info: Trying to set 'keyboard-configuration/model' [select] to ' Generic 105-key (Intl) PC'
info: Loading answer for 'keyboard-configuration/model'
info: Trying to set 'keyboard-configuration/variant' [select] to ' English (US)'
info: Loading answer for 'keyboard-configuration/variant'
info: Trying to set 'keyboard-configuration/unsupported_layout' [boolean] to 'true'
info: Loading answer for 'keyboard-configuration/unsupported_layout'
info: Trying to set 'keyboard-configuration/layout' [select] to ' '
info: Loading answer for 'keyboard-configuration/layout'
info: Trying to set 'keyboard-configuration/unsupported_config_options' [boolean] to 'true'
info: Loading answer for 'keyboard-configuration/unsupported_config_options'
info: Trying to set 'keyboard-configuration/store_defaults_in_debconf_db' [boolean] to 'true'
info: Loading answer for 'keyboard-configuration/store_defaults_in_debconf_db'
info: Trying to set 'keyboard-configuration/modelcode' [string] to ' pc105'
info: Loading answer for 'keyboard-configuration/modelcode'
info: Trying to set 'keyboard-configuration/optionscode' [string] to ' '
info: Loading answer for 'keyboard-configuration/optionscode'
info: Trying to set 'keyboard-configuration/variantcode' [string] to 'alt-intl'
info: Loading answer for 'keyboard-configuration/variantcode'
Reading package lists...
Building dependency tree...
Reading state information...
The following additional packages will be installed:
  libevdev2 libgudev-1.0-0 libinput-bin libinput10 libmtdev1t64
  libwacom-common libwacom9 libxmuu1 xauth xserver-xorg-input-all
  xserver-xorg-input-libinput
Suggested packages:
  libwacom-bin
Recommended packages:
  xterm | x-session-manager | x-window-manager | x-terminal-emulator
  xserver-xorg-legacy xserver-xorg-input-wacom
The following NEW packages will be installed:
  libevdev2 libgudev-1.0-0 libinput-bin libinput10 libmtdev1t64
  libwacom-common libwacom9 libxmuu1 xauth xinit xserver-xorg
  xserver-xorg-input-all xserver-xorg-input-libinput
0 upgraded, 13 newly installed, 0 to remove and 0 not upgraded.
Need to get 600 kB of archives.
After this operation, 3,320 kB of additional disk space will be used.
Get:1 http://localhost/aptly-repo/master_trixie-main trixie/main amd64 libevdev2 amd64 1.13.4+dfsg-1 [32.4 kB]
Get:2 http://localhost/aptly-repo/master_trixie-main trixie/main amd64 libgudev-1.0-0 amd64 238-6 [14.5 kB]
Get:3 http://localhost/aptly-repo/master_trixie-main trixie/main amd64 libwacom-common all 2.14.0-1 [103 kB]
Get:4 http://localhost/aptly-repo/master_trixie-main trixie/main amd64 libwacom9 amd64 2.14.0-1 [25.3 kB]
Get:5 http://localhost/aptly-repo/master_trixie-main trixie/main amd64 libinput-bin amd64 1.28.1-1 [26.3 kB]
Get:6 http://localhost/aptly-repo/master_trixie-main trixie/main amd64 libmtdev1t64 amd64 1.1.7-1 [22.6 kB]
Get:7 http://localhost/aptly-repo/master_trixie-main trixie/main amd64 libinput10 amd64 1.28.1-1 [143 kB]
Get:8 http://localhost/aptly-repo/master_trixie-main trixie/main amd64 libxmuu1 amd64 2:1.1.3-3+b4 [21.9 kB]
Get:9 http://localhost/aptly-repo/master_trixie-main trixie/main amd64 xauth amd64 1:1.1.2-1.1 [35.9 kB]
Get:10 http://localhost/aptly-repo/master_trixie-main trixie/main amd64 xinit amd64 1.4.2-1 [44.0 kB]
Get:11 http://localhost/aptly-repo/master_trixie-main trixie/main amd64 xserver-xorg-input-libinput amd64 1.5.0-1 [68.3 kB]
Get:12 http://localhost/aptly-repo/master_trixie-main trixie/main amd64 xserver-xorg-input-all amd64 1:7.7+24+deb13u1 [4,232 B]
Get:13 http://localhost/aptly-repo/master_trixie-main trixie/main amd64 xserver-xorg amd64 1:7.7+24+deb13u1 [58.4 kB]
dpkg-preconfigure: unable to re-open stdin: No such file or directory
Fetched 600 kB in 0s (9,003 kB/s)
E: Can not write log (Is /dev/pts mounted?) - posix_openpt (2: No such file or directory)
Selecting previously unselected package libevdev2:amd64.
(Reading database ... 21991 files and directories currently installed.)
Preparing to unpack .../00-libevdev2_1.13.4+dfsg-1_amd64.deb ...
Unpacking libevdev2:amd64 (1.13.4+dfsg-1) ...
Selecting previously unselected package libgudev-1.0-0:amd64.
Preparing to unpack .../01-libgudev-1.0-0_238-6_amd64.deb ...
Unpacking libgudev-1.0-0:amd64 (238-6) ...
Selecting previously unselected package libwacom-common.
Preparing to unpack .../02-libwacom-common_2.14.0-1_all.deb ...
Unpacking libwacom-common (2.14.0-1) ...
Selecting previously unselected package libwacom9:amd64.
Preparing to unpack .../03-libwacom9_2.14.0-1_amd64.deb ...
Unpacking libwacom9:amd64 (2.14.0-1) ...
Selecting previously unselected package libinput-bin.
Preparing to unpack .../04-libinput-bin_1.28.1-1_amd64.deb ...
Unpacking libinput-bin (1.28.1-1) ...
Selecting previously unselected package libmtdev1t64:amd64.
Preparing to unpack .../05-libmtdev1t64_1.1.7-1_amd64.deb ...
Unpacking libmtdev1t64:amd64 (1.1.7-1) ...
Selecting previously unselected package libinput10:amd64.
Preparing to unpack .../06-libinput10_1.28.1-1_amd64.deb ...
Unpacking libinput10:amd64 (1.28.1-1) ...
Selecting previously unselected package libxmuu1:amd64.
Preparing to unpack .../07-libxmuu1_2%3a1.1.3-3+b4_amd64.deb ...
Unpacking libxmuu1:amd64 (2:1.1.3-3+b4) ...
Selecting previously unselected package xauth.
Preparing to unpack .../08-xauth_1%3a1.1.2-1.1_amd64.deb ...
Unpacking xauth (1:1.1.2-1.1) ...
Selecting previously unselected package xinit.
Preparing to unpack .../09-xinit_1.4.2-1_amd64.deb ...
Unpacking xinit (1.4.2-1) ...
Selecting previously unselected package xserver-xorg-input-libinput.
Preparing to unpack .../10-xserver-xorg-input-libinput_1.5.0-1_amd64.deb ...
Unpacking xserver-xorg-input-libinput (1.5.0-1) ...
Selecting previously unselected package xserver-xorg-input-all.
Preparing to unpack .../11-xserver-xorg-input-all_1%3a7.7+24+deb13u1_amd64.deb ...
Unpacking xserver-xorg-input-all (1:7.7+24+deb13u1) ...
Selecting previously unselected package xserver-xorg.
Preparing to unpack .../12-xserver-xorg_1%3a7.7+24+deb13u1_amd64.deb ...
Unpacking xserver-xorg (1:7.7+24+deb13u1) ...
Setting up libmtdev1t64:amd64 (1.1.7-1) ...
Setting up libevdev2:amd64 (1.13.4+dfsg-1) ...
Setting up libxmuu1:amd64 (2:1.1.3-3+b4) ...
Setting up libgudev-1.0-0:amd64 (238-6) ...
Setting up libwacom-common (2.14.0-1) ...
Setting up libwacom9:amd64 (2.14.0-1) ...
Setting up libinput-bin (1.28.1-1) ...
Setting up xauth (1:1.1.2-1.1) ...
Setting up libinput10:amd64 (1.28.1-1) ...
Setting up xinit (1.4.2-1) ...
Setting up xserver-xorg-input-libinput (1.5.0-1) ...
Setting up xserver-xorg-input-all (1:7.7+24+deb13u1) ...
Setting up xserver-xorg (1:7.7+24+deb13u1) ...
Processing triggers for udev (257.9-1~deb13u1) ...
Processing triggers for libc-bin (2.41-12) ...
CLDS: * Set keyboard to use US international.
CLDS: * Install minimum Xorg X server.
CLDS: * Install xinit so you can run startx.
CLDS: * Add auto start window manager(i.e startx).
CLDS: * Disk size = 1977988K. Space Used = 6980K. Runtime = 00:00:00:02.
CLDS:>>>>>>>>> Running inst-min-win-01-basic-font.sh ...
Reading package lists...
Building dependency tree...
Reading state information...
The following additional packages will be installed:
  fonts-dejavu-mono
The following NEW packages will be installed:
  fonts-dejavu-core fonts-dejavu-mono
0 upgraded, 2 newly installed, 0 to remove and 0 not upgraded.
Need to get 1,329 kB of archives.
After this operation, 3,659 kB of additional disk space will be used.
Get:1 http://localhost/aptly-repo/master_trixie-main trixie/main amd64 fonts-dejavu-mono all 2.37-8 [489 kB]
Get:2 http://localhost/aptly-repo/master_trixie-main trixie/main amd64 fonts-dejavu-core all 2.37-8 [840 kB]
dpkg-preconfigure: unable to re-open stdin: No such file or directory
Fetched 1,329 kB in 0s (20.2 MB/s)
E: Can not write log (Is /dev/pts mounted?) - posix_openpt (2: No such file or directory)
Selecting previously unselected package fonts-dejavu-mono.
(Reading database ... 22906 files and directories currently installed.)
Preparing to unpack .../fonts-dejavu-mono_2.37-8_all.deb ...
Unpacking fonts-dejavu-mono (2.37-8) ...
Selecting previously unselected package fonts-dejavu-core.
Preparing to unpack .../fonts-dejavu-core_2.37-8_all.deb ...
Unpacking fonts-dejavu-core (2.37-8) ...
Setting up fonts-dejavu-mono (2.37-8) ...
Setting up fonts-dejavu-core (2.37-8) ...
CLDS: * Install fonts-dejavu-core to fix characters overlap with xfce4-terminal(e.g. mkdir).
CLDS: * Disk size = 1982980K. Space Used = 4992K. Runtime = 00:00:00:01.
CLDS:>>>>>>>>> Running inst-min-win-01-wm-jwm-debian-menu.sh ...
Reading package lists...
Building dependency tree...
Reading state information...
Suggested packages:
  menu-l10n
The following NEW packages will be installed:
  menu
0 upgraded, 1 newly installed, 0 to remove and 0 not upgraded.
Need to get 355 kB of archives.
After this operation, 1,530 kB of additional disk space will be used.
Get:1 http://localhost/aptly-repo/master_trixie-main trixie/main amd64 menu amd64 2.1.51 [355 kB]
dpkg-preconfigure: unable to re-open stdin: No such file or directory
Fetched 355 kB in 0s (7,331 kB/s)
E: Can not write log (Is /dev/pts mounted?) - posix_openpt (2: No such file or directory)
Selecting previously unselected package menu.
(Reading database ... 22964 files and directories currently installed.)
Preparing to unpack .../archives/menu_2.1.51_amd64.deb ...
Unpacking menu (2.1.51) ...
Setting up menu (2.1.51) ...
Processing triggers for menu (2.1.51) ...
CLDS: * Install menu, an easy way to get installed programs in the menu automatically.
CLDS: * For how to use Debian menu, see https://www.debian.org/doc/packaging-manuals/menu.html/ch3.html.
CLDS: * Disk size = 1984276K. Space Used = 1296K. Runtime = 00:00:00:00.
CLDS:>>>>>>>>> Running inst-min-win-01-wm-jwm.sh ...
Reading package lists...
Building dependency tree...
Reading state information...
The following additional packages will be installed:
  adwaita-icon-theme at-spi2-common dbus-user-session dconf-gsettings-backend
  dconf-service exo-utils fontconfig fontconfig-config gtk-update-icon-cache
  hicolor-icon-theme libatk-bridge2.0-0t64 libatk1.0-0t64 libatspi2.0-0t64
  libavahi-client3 libavahi-common-data libavahi-common3 libcairo-gobject2
  libcairo2 libcloudproviders0 libcolord2 libcups2t64 libdatrie1 libdav1d7
  libdconf1 libdeflate0 libexo-2-0 libexo-common libfontconfig1 libfribidi0
  libgdk-pixbuf-2.0-0 libgdk-pixbuf2.0-common libgraphite2-3 libgtk-3-0t64
  libgtk-3-common libharfbuzz0b libicu76 libjbig0 libjpeg62-turbo liblcms2-2
  liblerc4 libpam-systemd libpango-1.0-0 libpangocairo-1.0-0 libpangoft2-1.0-0
  libpangoxft-1.0-0 librsvg2-2 libsharpyuv0 libstartup-notification0
  libthai-data libthai0 libtiff6 libutempter0 libvte-2.91-0 libvte-2.91-common
  libwayland-cursor0 libwayland-egl1 libwebp7 libxcb-render0 libxcomposite1
  libxfce4ui-2-0 libxfce4ui-common libxfce4util-common libxfce4util7
  libxfconf-0-3 libxft2 libxi6 libxkbcommon0 shared-mime-info xfce4-terminal
  xfconf
Suggested packages:
  adwaita-icon-theme-legacy x11-apps colord cups-common gvfs liblcms2-utils
  libcryptsetup12 libtss2-rc0t64 librsvg2-bin devhelp xfconf-gsettings-backend
Recommended packages:
  librsvg2-common at-spi2-core liburi-perl libgdk-pixbuf2.0-bin libgtk-3-bin
  libxfce4util-bin
The following NEW packages will be installed:
  adwaita-icon-theme at-spi2-common dbus-user-session dconf-gsettings-backend
  dconf-service exo-utils fontconfig fontconfig-config gtk-update-icon-cache
  hicolor-icon-theme jwm libatk-bridge2.0-0t64 libatk1.0-0t64 libatspi2.0-0t64
  libavahi-client3 libavahi-common-data libavahi-common3 libcairo-gobject2
  libcairo2 libcloudproviders0 libcolord2 libcups2t64 libdatrie1 libdav1d7
  libdconf1 libdeflate0 libexo-2-0 libexo-common libfontconfig1 libfribidi0
  libgdk-pixbuf-2.0-0 libgdk-pixbuf2.0-common libgraphite2-3 libgtk-3-0t64
  libgtk-3-common libharfbuzz0b libicu76 libjbig0 libjpeg62-turbo liblcms2-2
  liblerc4 libpam-systemd libpango-1.0-0 libpangocairo-1.0-0 libpangoft2-1.0-0
  libpangoxft-1.0-0 librsvg2-2 libsharpyuv0 libstartup-notification0
  libthai-data libthai0 libtiff6 libutempter0 libvte-2.91-0 libvte-2.91-common
  libwayland-cursor0 libwayland-egl1 libwebp7 libxcb-render0 libxcomposite1
  libxfce4ui-2-0 libxfce4ui-common libxfce4util-common libxfce4util7
  libxfconf-0-3 libxft2 libxi6 libxkbcommon0 shared-mime-info xfce4-terminal
  xfconf
0 upgraded, 71 newly installed, 0 to remove and 0 not upgraded.
Need to get 29.7 MB of archives.
After this operation, 138 MB of additional disk space will be used.
Get:1 http://localhost/aptly-repo/master_trixie-main trixie/main amd64 libpam-systemd amd64 257.9-1~deb13u1 [297 kB]
Get:2 http://localhost/aptly-repo/master_trixie-main trixie/main amd64 libgdk-pixbuf2.0-common all 2.42.12+dfsg-4 [311 kB]
Get:3 http://localhost/aptly-repo/master_trixie-main trixie/main amd64 shared-mime-info amd64 2.4-5+b2 [760 kB]
Get:4 http://localhost/aptly-repo/master_trixie-main trixie/main amd64 libjpeg62-turbo amd64 1:2.1.5-4 [168 kB]
Get:5 http://localhost/aptly-repo/master_trixie-main trixie/main amd64 libdeflate0 amd64 1.23-2 [47.3 kB]
Get:6 http://localhost/aptly-repo/master_trixie-main trixie/main amd64 libjbig0 amd64 2.1-6.1+b2 [32.1 kB]
Get:7 http://localhost/aptly-repo/master_trixie-main trixie/main amd64 liblerc4 amd64 4.0.0+ds-5 [183 kB]
Get:8 http://localhost/aptly-repo/master_trixie-main trixie/main amd64 libsharpyuv0 amd64 1.5.0-0.1 [116 kB]
Get:9 http://localhost/aptly-repo/master_trixie-main trixie/main amd64 libwebp7 amd64 1.5.0-0.1 [318 kB]
Get:10 http://localhost/aptly-repo/master_trixie-main trixie/main amd64 libtiff6 amd64 4.7.0-3+deb13u1 [346 kB]
Get:11 http://localhost/aptly-repo/master_trixie-main trixie/main amd64 libgdk-pixbuf-2.0-0 amd64 2.42.12+dfsg-4 [141 kB]
Get:12 http://localhost/aptly-repo/master_trixie-main trixie/main amd64 gtk-update-icon-cache amd64 4.18.6+ds-2 [52.7 kB]
Get:13 http://localhost/aptly-repo/master_trixie-main trixie/main amd64 hicolor-icon-theme all 0.18-2 [11.8 kB]
Get:14 http://localhost/aptly-repo/master_trixie-main trixie/main amd64 adwaita-icon-theme all 48.1-1 [504 kB]
Get:15 http://localhost/aptly-repo/master_trixie-main trixie/main amd64 at-spi2-common all 2.56.2-1 [171 kB]
Get:16 http://localhost/aptly-repo/master_trixie-main trixie/main amd64 dbus-user-session amd64 1.16.2-2 [52.1 kB]
Get:17 http://localhost/aptly-repo/master_trixie-main trixie/main amd64 libdconf1 amd64 0.40.0-5 [41.8 kB]
Get:18 http://localhost/aptly-repo/master_trixie-main trixie/main amd64 dconf-service amd64 0.40.0-5 [32.4 kB]
Get:19 http://localhost/aptly-repo/master_trixie-main trixie/main amd64 dconf-gsettings-backend amd64 0.40.0-5 [28.6 kB]
Get:20 http://localhost/aptly-repo/master_trixie-main trixie/main amd64 libexo-common all 4.20.0-1 [29.4 kB]
Get:21 http://localhost/aptly-repo/master_trixie-main trixie/main amd64 libatk1.0-0t64 amd64 2.56.2-1 [51.9 kB]
Get:22 http://localhost/aptly-repo/master_trixie-main trixie/main amd64 fontconfig-config amd64 2.15.0-2.3 [318 kB]
Get:23 http://localhost/aptly-repo/master_trixie-main trixie/main amd64 libfontconfig1 amd64 2.15.0-2.3 [392 kB]
Get:24 http://localhost/aptly-repo/master_trixie-main trixie/main amd64 libxcb-render0 amd64 1.17.0-2+b1 [115 kB]
Get:25 http://localhost/aptly-repo/master_trixie-main trixie/main amd64 libcairo2 amd64 1.18.4-1+b1 [538 kB]
Get:26 http://localhost/aptly-repo/master_trixie-main trixie/main amd64 libxi6 amd64 2:1.8.2-1 [78.9 kB]
Get:27 http://localhost/aptly-repo/master_trixie-main trixie/main amd64 libatspi2.0-0t64 amd64 2.56.2-1 [80.7 kB]
Get:28 http://localhost/aptly-repo/master_trixie-main trixie/main amd64 libatk-bridge2.0-0t64 amd64 2.56.2-1 [68.5 kB]
Get:29 http://localhost/aptly-repo/master_trixie-main trixie/main amd64 libcairo-gobject2 amd64 1.18.4-1+b1 [130 kB]
Get:30 http://localhost/aptly-repo/master_trixie-main trixie/main amd64 libcloudproviders0 amd64 0.3.6-2 [29.2 kB]
Get:31 http://localhost/aptly-repo/master_trixie-main trixie/main amd64 liblcms2-2 amd64 2.16-2 [160 kB]
Get:32 http://localhost/aptly-repo/master_trixie-main trixie/main amd64 libcolord2 amd64 1.4.7-3 [139 kB]
Get:33 http://localhost/aptly-repo/master_trixie-main trixie/main amd64 libavahi-common-data amd64 0.8-16 [112 kB]
Get:34 http://localhost/aptly-repo/master_trixie-main trixie/main amd64 libavahi-common3 amd64 0.8-16 [44.2 kB]
Get:35 http://localhost/aptly-repo/master_trixie-main trixie/main amd64 libavahi-client3 amd64 0.8-16 [48.4 kB]
Get:36 http://localhost/aptly-repo/master_trixie-main trixie/main amd64 libcups2t64 amd64 2.4.10-3+deb13u2 [252 kB]
Get:37 http://localhost/aptly-repo/master_trixie-main trixie/main amd64 libfribidi0 amd64 1.0.16-1 [26.5 kB]
Get:38 http://localhost/aptly-repo/master_trixie-main trixie/main amd64 libgraphite2-3 amd64 1.3.14-2+b1 [75.4 kB]
Get:39 http://localhost/aptly-repo/master_trixie-main trixie/main amd64 libharfbuzz0b amd64 10.2.0-1+b1 [479 kB]
Get:40 http://localhost/aptly-repo/master_trixie-main trixie/main amd64 fontconfig amd64 2.15.0-2.3 [463 kB]
Get:41 http://localhost/aptly-repo/master_trixie-main trixie/main amd64 libthai-data all 0.1.29-2 [168 kB]
Get:42 http://localhost/aptly-repo/master_trixie-main trixie/main amd64 libdatrie1 amd64 0.2.13-3+b1 [38.1 kB]
Get:43 http://localhost/aptly-repo/master_trixie-main trixie/main amd64 libthai0 amd64 0.1.29-2+b1 [49.4 kB]
Get:44 http://localhost/aptly-repo/master_trixie-main trixie/main amd64 libpango-1.0-0 amd64 1.56.3-1 [226 kB]
Get:45 http://localhost/aptly-repo/master_trixie-main trixie/main amd64 libpangoft2-1.0-0 amd64 1.56.3-1 [55.6 kB]
Get:46 http://localhost/aptly-repo/master_trixie-main trixie/main amd64 libpangocairo-1.0-0 amd64 1.56.3-1 [35.7 kB]
Get:47 http://localhost/aptly-repo/master_trixie-main trixie/main amd64 libwayland-cursor0 amd64 1.23.1-3 [11.9 kB]
Get:48 http://localhost/aptly-repo/master_trixie-main trixie/main amd64 libwayland-egl1 amd64 1.23.1-3 [5,860 B]
Get:49 http://localhost/aptly-repo/master_trixie-main trixie/main amd64 libxcomposite1 amd64 1:0.4.6-1 [16.3 kB]
Get:50 http://localhost/aptly-repo/master_trixie-main trixie/main amd64 libxkbcommon0 amd64 1.7.0-2 [113 kB]
Get:51 http://localhost/aptly-repo/master_trixie-main trixie/main amd64 libgtk-3-common all 3.24.49-3 [4,908 kB]
Get:52 http://localhost/aptly-repo/master_trixie-main trixie/main amd64 libgtk-3-0t64 amd64 3.24.49-3 [2,769 kB]
Get:53 http://localhost/aptly-repo/master_trixie-main trixie/main amd64 libxfce4util-common all 4.20.1-1 [63.6 kB]
Get:54 http://localhost/aptly-repo/master_trixie-main trixie/main amd64 libxfce4util7 amd64 4.20.1-1 [39.4 kB]
Get:55 http://localhost/aptly-repo/master_trixie-main trixie/main amd64 libexo-2-0 amd64 4.20.0-1 [253 kB]
Get:56 http://localhost/aptly-repo/master_trixie-main trixie/main amd64 libxfce4ui-common all 4.20.1-1 [229 kB]
Get:57 http://localhost/aptly-repo/master_trixie-main trixie/main amd64 libstartup-notification0 amd64 0.12-8 [21.0 kB]
Get:58 http://localhost/aptly-repo/master_trixie-main trixie/main amd64 xfconf amd64 4.20.0-1 [128 kB]
Get:59 http://localhost/aptly-repo/master_trixie-main trixie/main amd64 libxfconf-0-3 amd64 4.20.0-1 [46.6 kB]
Get:60 http://localhost/aptly-repo/master_trixie-main trixie/main amd64 libxfce4ui-2-0 amd64 4.20.1-1 [79.1 kB]
Get:61 http://localhost/aptly-repo/master_trixie-main trixie/main amd64 exo-utils amd64 4.20.0-1 [58.1 kB]
Get:62 http://localhost/aptly-repo/master_trixie-main trixie/main amd64 libutempter0 amd64 1.2.1-4 [9,112 B]
Get:63 http://localhost/aptly-repo/master_trixie-main trixie/main amd64 libvte-2.91-common amd64 0.80.1-1 [58.8 kB]
Get:64 http://localhost/aptly-repo/master_trixie-main trixie/main amd64 libicu76 amd64 76.1-4 [9,722 kB]
Get:65 http://localhost/aptly-repo/master_trixie-main trixie/main amd64 libvte-2.91-0 amd64 0.80.1-1 [306 kB]
Get:66 http://localhost/aptly-repo/master_trixie-main trixie/main amd64 xfce4-terminal amd64 1.1.4-1 [416 kB]
Get:67 http://localhost/aptly-repo/master_trixie-main trixie/main amd64 libxft2 amd64 2.3.6-1+b4 [54.5 kB]
Get:68 http://localhost/aptly-repo/master_trixie-main trixie/main amd64 libpangoxft-1.0-0 amd64 1.56.3-1 [27.6 kB]
Get:69 http://localhost/aptly-repo/master_deb-multimedia-main trixie/main amd64 libdav1d7 amd64 1:1.5.1-dmo1 [561 kB]
Get:70 http://localhost/aptly-repo/master_trixie-main trixie/main amd64 librsvg2-2 amd64 2.60.0+dfsg-1 [1,789 kB]
Get:71 http://localhost/aptly-repo/master_trixie-main trixie/main amd64 jwm amd64 2.4.6-2 [157 kB]
dpkg-preconfigure: unable to re-open stdin: No such file or directory
Fetched 29.7 MB in 0s (104 MB/s)
E: Can not write log (Is /dev/pts mounted?) - posix_openpt (2: No such file or directory)
Selecting previously unselected package libpam-systemd:amd64.
(Reading database ... 23148 files and directories currently installed.)
Preparing to unpack .../00-libpam-systemd_257.9-1~deb13u1_amd64.deb ...
Unpacking libpam-systemd:amd64 (257.9-1~deb13u1) ...
Selecting previously unselected package libgdk-pixbuf2.0-common.
Preparing to unpack .../01-libgdk-pixbuf2.0-common_2.42.12+dfsg-4_all.deb ...
Unpacking libgdk-pixbuf2.0-common (2.42.12+dfsg-4) ...
Selecting previously unselected package shared-mime-info.
Preparing to unpack .../02-shared-mime-info_2.4-5+b2_amd64.deb ...
Unpacking shared-mime-info (2.4-5+b2) ...
Selecting previously unselected package libjpeg62-turbo:amd64.
Preparing to unpack .../03-libjpeg62-turbo_1%3a2.1.5-4_amd64.deb ...
Unpacking libjpeg62-turbo:amd64 (1:2.1.5-4) ...
Selecting previously unselected package libdeflate0:amd64.
Preparing to unpack .../04-libdeflate0_1.23-2_amd64.deb ...
Unpacking libdeflate0:amd64 (1.23-2) ...
Selecting previously unselected package libjbig0:amd64.
Preparing to unpack .../05-libjbig0_2.1-6.1+b2_amd64.deb ...
Unpacking libjbig0:amd64 (2.1-6.1+b2) ...
Selecting previously unselected package liblerc4:amd64.
Preparing to unpack .../06-liblerc4_4.0.0+ds-5_amd64.deb ...
Unpacking liblerc4:amd64 (4.0.0+ds-5) ...
Selecting previously unselected package libsharpyuv0:amd64.
Preparing to unpack .../07-libsharpyuv0_1.5.0-0.1_amd64.deb ...
Unpacking libsharpyuv0:amd64 (1.5.0-0.1) ...
Selecting previously unselected package libwebp7:amd64.
Preparing to unpack .../08-libwebp7_1.5.0-0.1_amd64.deb ...
Unpacking libwebp7:amd64 (1.5.0-0.1) ...
Selecting previously unselected package libtiff6:amd64.
Preparing to unpack .../09-libtiff6_4.7.0-3+deb13u1_amd64.deb ...
Unpacking libtiff6:amd64 (4.7.0-3+deb13u1) ...
Selecting previously unselected package libgdk-pixbuf-2.0-0:amd64.
Preparing to unpack .../10-libgdk-pixbuf-2.0-0_2.42.12+dfsg-4_amd64.deb ...
Unpacking libgdk-pixbuf-2.0-0:amd64 (2.42.12+dfsg-4) ...
Selecting previously unselected package gtk-update-icon-cache.
Preparing to unpack .../11-gtk-update-icon-cache_4.18.6+ds-2_amd64.deb ...
No diversion 'diversion of /usr/sbin/update-icon-caches to /usr/sbin/update-icon-caches.gtk2 by libgtk-3-bin', none removed.
No diversion 'diversion of /usr/share/man/man8/update-icon-caches.8.gz to /usr/share/man/man8/update-icon-caches.gtk2.8.gz by libgtk-3-bin', none removed.
Unpacking gtk-update-icon-cache (4.18.6+ds-2) ...
Selecting previously unselected package hicolor-icon-theme.
Preparing to unpack .../12-hicolor-icon-theme_0.18-2_all.deb ...
Unpacking hicolor-icon-theme (0.18-2) ...
Selecting previously unselected package adwaita-icon-theme.
Preparing to unpack .../13-adwaita-icon-theme_48.1-1_all.deb ...
Unpacking adwaita-icon-theme (48.1-1) ...
Selecting previously unselected package at-spi2-common.
Preparing to unpack .../14-at-spi2-common_2.56.2-1_all.deb ...
Unpacking at-spi2-common (2.56.2-1) ...
Selecting previously unselected package dbus-user-session.
Preparing to unpack .../15-dbus-user-session_1.16.2-2_amd64.deb ...
Unpacking dbus-user-session (1.16.2-2) ...
Selecting previously unselected package libdconf1:amd64.
Preparing to unpack .../16-libdconf1_0.40.0-5_amd64.deb ...
Unpacking libdconf1:amd64 (0.40.0-5) ...
Selecting previously unselected package dconf-service.
Preparing to unpack .../17-dconf-service_0.40.0-5_amd64.deb ...
Unpacking dconf-service (0.40.0-5) ...
Selecting previously unselected package dconf-gsettings-backend:amd64.
Preparing to unpack .../18-dconf-gsettings-backend_0.40.0-5_amd64.deb ...
Unpacking dconf-gsettings-backend:amd64 (0.40.0-5) ...
Selecting previously unselected package libexo-common.
Preparing to unpack .../19-libexo-common_4.20.0-1_all.deb ...
Unpacking libexo-common (4.20.0-1) ...
Selecting previously unselected package libatk1.0-0t64:amd64.
Preparing to unpack .../20-libatk1.0-0t64_2.56.2-1_amd64.deb ...
Unpacking libatk1.0-0t64:amd64 (2.56.2-1) ...
Selecting previously unselected package fontconfig-config.
Preparing to unpack .../21-fontconfig-config_2.15.0-2.3_amd64.deb ...
Unpacking fontconfig-config (2.15.0-2.3) ...
Selecting previously unselected package libfontconfig1:amd64.
Preparing to unpack .../22-libfontconfig1_2.15.0-2.3_amd64.deb ...
Unpacking libfontconfig1:amd64 (2.15.0-2.3) ...
Selecting previously unselected package libxcb-render0:amd64.
Preparing to unpack .../23-libxcb-render0_1.17.0-2+b1_amd64.deb ...
Unpacking libxcb-render0:amd64 (1.17.0-2+b1) ...
Selecting previously unselected package libcairo2:amd64.
Preparing to unpack .../24-libcairo2_1.18.4-1+b1_amd64.deb ...
Unpacking libcairo2:amd64 (1.18.4-1+b1) ...
Selecting previously unselected package libxi6:amd64.
Preparing to unpack .../25-libxi6_2%3a1.8.2-1_amd64.deb ...
Unpacking libxi6:amd64 (2:1.8.2-1) ...
Selecting previously unselected package libatspi2.0-0t64:amd64.
Preparing to unpack .../26-libatspi2.0-0t64_2.56.2-1_amd64.deb ...
Unpacking libatspi2.0-0t64:amd64 (2.56.2-1) ...
Selecting previously unselected package libatk-bridge2.0-0t64:amd64.
Preparing to unpack .../27-libatk-bridge2.0-0t64_2.56.2-1_amd64.deb ...
Unpacking libatk-bridge2.0-0t64:amd64 (2.56.2-1) ...
Selecting previously unselected package libcairo-gobject2:amd64.
Preparing to unpack .../28-libcairo-gobject2_1.18.4-1+b1_amd64.deb ...
Unpacking libcairo-gobject2:amd64 (1.18.4-1+b1) ...
Selecting previously unselected package libcloudproviders0:amd64.
Preparing to unpack .../29-libcloudproviders0_0.3.6-2_amd64.deb ...
Unpacking libcloudproviders0:amd64 (0.3.6-2) ...
Selecting previously unselected package liblcms2-2:amd64.
Preparing to unpack .../30-liblcms2-2_2.16-2_amd64.deb ...
Unpacking liblcms2-2:amd64 (2.16-2) ...
Selecting previously unselected package libcolord2:amd64.
Preparing to unpack .../31-libcolord2_1.4.7-3_amd64.deb ...
Unpacking libcolord2:amd64 (1.4.7-3) ...
Selecting previously unselected package libavahi-common-data:amd64.
Preparing to unpack .../32-libavahi-common-data_0.8-16_amd64.deb ...
Unpacking libavahi-common-data:amd64 (0.8-16) ...
Selecting previously unselected package libavahi-common3:amd64.
Preparing to unpack .../33-libavahi-common3_0.8-16_amd64.deb ...
Unpacking libavahi-common3:amd64 (0.8-16) ...
Selecting previously unselected package libavahi-client3:amd64.
Preparing to unpack .../34-libavahi-client3_0.8-16_amd64.deb ...
Unpacking libavahi-client3:amd64 (0.8-16) ...
Selecting previously unselected package libcups2t64:amd64.
Preparing to unpack .../35-libcups2t64_2.4.10-3+deb13u2_amd64.deb ...
Unpacking libcups2t64:amd64 (2.4.10-3+deb13u2) ...
Selecting previously unselected package libfribidi0:amd64.
Preparing to unpack .../36-libfribidi0_1.0.16-1_amd64.deb ...
Unpacking libfribidi0:amd64 (1.0.16-1) ...
Selecting previously unselected package libgraphite2-3:amd64.
Preparing to unpack .../37-libgraphite2-3_1.3.14-2+b1_amd64.deb ...
Unpacking libgraphite2-3:amd64 (1.3.14-2+b1) ...
Selecting previously unselected package libharfbuzz0b:amd64.
Preparing to unpack .../38-libharfbuzz0b_10.2.0-1+b1_amd64.deb ...
Unpacking libharfbuzz0b:amd64 (10.2.0-1+b1) ...
Selecting previously unselected package fontconfig.
Preparing to unpack .../39-fontconfig_2.15.0-2.3_amd64.deb ...
Unpacking fontconfig (2.15.0-2.3) ...
Selecting previously unselected package libthai-data.
Preparing to unpack .../40-libthai-data_0.1.29-2_all.deb ...
Unpacking libthai-data (0.1.29-2) ...
Selecting previously unselected package libdatrie1:amd64.
Preparing to unpack .../41-libdatrie1_0.2.13-3+b1_amd64.deb ...
Unpacking libdatrie1:amd64 (0.2.13-3+b1) ...
Selecting previously unselected package libthai0:amd64.
Preparing to unpack .../42-libthai0_0.1.29-2+b1_amd64.deb ...
Unpacking libthai0:amd64 (0.1.29-2+b1) ...
Selecting previously unselected package libpango-1.0-0:amd64.
Preparing to unpack .../43-libpango-1.0-0_1.56.3-1_amd64.deb ...
Unpacking libpango-1.0-0:amd64 (1.56.3-1) ...
Selecting previously unselected package libpangoft2-1.0-0:amd64.
Preparing to unpack .../44-libpangoft2-1.0-0_1.56.3-1_amd64.deb ...
Unpacking libpangoft2-1.0-0:amd64 (1.56.3-1) ...
Selecting previously unselected package libpangocairo-1.0-0:amd64.
Preparing to unpack .../45-libpangocairo-1.0-0_1.56.3-1_amd64.deb ...
Unpacking libpangocairo-1.0-0:amd64 (1.56.3-1) ...
Selecting previously unselected package libwayland-cursor0:amd64.
Preparing to unpack .../46-libwayland-cursor0_1.23.1-3_amd64.deb ...
Unpacking libwayland-cursor0:amd64 (1.23.1-3) ...
Selecting previously unselected package libwayland-egl1:amd64.
Preparing to unpack .../47-libwayland-egl1_1.23.1-3_amd64.deb ...
Unpacking libwayland-egl1:amd64 (1.23.1-3) ...
Selecting previously unselected package libxcomposite1:amd64.
Preparing to unpack .../48-libxcomposite1_1%3a0.4.6-1_amd64.deb ...
Unpacking libxcomposite1:amd64 (1:0.4.6-1) ...
Selecting previously unselected package libxkbcommon0:amd64.
Preparing to unpack .../49-libxkbcommon0_1.7.0-2_amd64.deb ...
Unpacking libxkbcommon0:amd64 (1.7.0-2) ...
Selecting previously unselected package libgtk-3-common.
Preparing to unpack .../50-libgtk-3-common_3.24.49-3_all.deb ...
Unpacking libgtk-3-common (3.24.49-3) ...
Selecting previously unselected package libgtk-3-0t64:amd64.
Preparing to unpack .../51-libgtk-3-0t64_3.24.49-3_amd64.deb ...
Unpacking libgtk-3-0t64:amd64 (3.24.49-3) ...
Selecting previously unselected package libxfce4util-common.
Preparing to unpack .../52-libxfce4util-common_4.20.1-1_all.deb ...
Unpacking libxfce4util-common (4.20.1-1) ...
Selecting previously unselected package libxfce4util7:amd64.
Preparing to unpack .../53-libxfce4util7_4.20.1-1_amd64.deb ...
Unpacking libxfce4util7:amd64 (4.20.1-1) ...
Selecting previously unselected package libexo-2-0:amd64.
Preparing to unpack .../54-libexo-2-0_4.20.0-1_amd64.deb ...
Unpacking libexo-2-0:amd64 (4.20.0-1) ...
Selecting previously unselected package libxfce4ui-common.
Preparing to unpack .../55-libxfce4ui-common_4.20.1-1_all.deb ...
Unpacking libxfce4ui-common (4.20.1-1) ...
Selecting previously unselected package libstartup-notification0:amd64.
Preparing to unpack .../56-libstartup-notification0_0.12-8_amd64.deb ...
Unpacking libstartup-notification0:amd64 (0.12-8) ...
Selecting previously unselected package xfconf.
Preparing to unpack .../57-xfconf_4.20.0-1_amd64.deb ...
Unpacking xfconf (4.20.0-1) ...
Selecting previously unselected package libxfconf-0-3:amd64.
Preparing to unpack .../58-libxfconf-0-3_4.20.0-1_amd64.deb ...
Unpacking libxfconf-0-3:amd64 (4.20.0-1) ...
Selecting previously unselected package libxfce4ui-2-0:amd64.
Preparing to unpack .../59-libxfce4ui-2-0_4.20.1-1_amd64.deb ...
Unpacking libxfce4ui-2-0:amd64 (4.20.1-1) ...
Selecting previously unselected package exo-utils.
Preparing to unpack .../60-exo-utils_4.20.0-1_amd64.deb ...
Unpacking exo-utils (4.20.0-1) ...
Selecting previously unselected package libutempter0:amd64.
Preparing to unpack .../61-libutempter0_1.2.1-4_amd64.deb ...
Unpacking libutempter0:amd64 (1.2.1-4) ...
Selecting previously unselected package libvte-2.91-common.
Preparing to unpack .../62-libvte-2.91-common_0.80.1-1_amd64.deb ...
Unpacking libvte-2.91-common (0.80.1-1) ...
Selecting previously unselected package libicu76:amd64.
Preparing to unpack .../63-libicu76_76.1-4_amd64.deb ...
Unpacking libicu76:amd64 (76.1-4) ...
Selecting previously unselected package libvte-2.91-0:amd64.
Preparing to unpack .../64-libvte-2.91-0_0.80.1-1_amd64.deb ...
Unpacking libvte-2.91-0:amd64 (0.80.1-1) ...
Selecting previously unselected package xfce4-terminal.
Preparing to unpack .../65-xfce4-terminal_1.1.4-1_amd64.deb ...
Unpacking xfce4-terminal (1.1.4-1) ...
Selecting previously unselected package libxft2:amd64.
Preparing to unpack .../66-libxft2_2.3.6-1+b4_amd64.deb ...
Unpacking libxft2:amd64 (2.3.6-1+b4) ...
Selecting previously unselected package libpangoxft-1.0-0:amd64.
Preparing to unpack .../67-libpangoxft-1.0-0_1.56.3-1_amd64.deb ...
Unpacking libpangoxft-1.0-0:amd64 (1.56.3-1) ...
Selecting previously unselected package libdav1d7:amd64.
Preparing to unpack .../68-libdav1d7_1%3a1.5.1-dmo1_amd64.deb ...
Unpacking libdav1d7:amd64 (1:1.5.1-dmo1) ...
Selecting previously unselected package librsvg2-2:amd64.
Preparing to unpack .../69-librsvg2-2_2.60.0+dfsg-1_amd64.deb ...
Unpacking librsvg2-2:amd64 (2.60.0+dfsg-1) ...
Selecting previously unselected package jwm.
Preparing to unpack .../70-jwm_2.4.6-2_amd64.deb ...
Unpacking jwm (2.4.6-2) ...
Setting up libgraphite2-3:amd64 (1.3.14-2+b1) ...
Setting up liblcms2-2:amd64 (2.16-2) ...
Setting up libsharpyuv0:amd64 (1.5.0-0.1) ...
Setting up liblerc4:amd64 (4.0.0+ds-5) ...
Setting up hicolor-icon-theme (0.18-2) ...
Setting up libxi6:amd64 (2:1.8.2-1) ...
Setting up libvte-2.91-common (0.80.1-1) ...
Setting up libdatrie1:amd64 (0.2.13-3+b1) ...
Setting up libexo-common (4.20.0-1) ...
Setting up libxcb-render0:amd64 (1.17.0-2+b1) ...
Setting up fontconfig-config (2.15.0-2.3) ...
Setting up libxfce4util-common (4.20.1-1) ...
Setting up libgdk-pixbuf2.0-common (2.42.12+dfsg-4) ...
Setting up libdeflate0:amd64 (1.23-2) ...
Setting up libcloudproviders0:amd64 (0.3.6-2) ...
Setting up libjbig0:amd64 (2.1-6.1+b2) ...
Setting up libcolord2:amd64 (1.4.7-3) ...
Setting up libdconf1:amd64 (0.40.0-5) ...
Setting up libjpeg62-turbo:amd64 (1:2.1.5-4) ...
Setting up libavahi-common-data:amd64 (0.8-16) ...
Setting up libatspi2.0-0t64:amd64 (2.56.2-1) ...
Setting up libfribidi0:amd64 (1.0.16-1) ...
Setting up shared-mime-info (2.4-5+b2) ...
Setting up libwebp7:amd64 (1.5.0-0.1) ...
Setting up libutempter0:amd64 (1.2.1-4) ...
Setting up libdav1d7:amd64 (1:1.5.1-dmo1) ...
Setting up at-spi2-common (2.56.2-1) ...
Setting up libtiff6:amd64 (4.7.0-3+deb13u1) ...
Setting up libwayland-cursor0:amd64 (1.23.1-3) ...
Setting up libpam-systemd:amd64 (257.9-1~deb13u1) ...
Setting up libharfbuzz0b:amd64 (10.2.0-1+b1) ...
Setting up libthai-data (0.1.29-2) ...
Setting up libgdk-pixbuf-2.0-0:amd64 (2.42.12+dfsg-4) ...
Setting up libxfce4util7:amd64 (4.20.1-1) ...
Setting up libwayland-egl1:amd64 (1.23.1-3) ...
Setting up libfontconfig1:amd64 (2.15.0-2.3) ...
Setting up libicu76:amd64 (76.1-4) ...
Setting up libxfce4ui-common (4.20.1-1) ...
Setting up libxcomposite1:amd64 (1:0.4.6-1) ...
Setting up libstartup-notification0:amd64 (0.12-8) ...
Setting up libxkbcommon0:amd64 (1.7.0-2) ...
Setting up gtk-update-icon-cache (4.18.6+ds-2) ...
Setting up fontconfig (2.15.0-2.3) ...
Regenerating fonts cache... done.
Setting up libxft2:amd64 (2.3.6-1+b4) ...
Setting up libatk1.0-0t64:amd64 (2.56.2-1) ...
Setting up libavahi-common3:amd64 (0.8-16) ...
Setting up libcairo2:amd64 (1.18.4-1+b1) ...
Setting up libthai0:amd64 (0.1.29-2+b1) ...
Setting up dbus-user-session (1.16.2-2) ...
Setting up adwaita-icon-theme (48.1-1) ...
update-alternatives: using /usr/share/icons/Adwaita/cursor.theme to provide /usr/share/icons/default/index.theme (x-cursor-theme) in auto mode
Setting up libcairo-gobject2:amd64 (1.18.4-1+b1) ...
Setting up xfconf (4.20.0-1) ...
Setting up libavahi-client3:amd64 (0.8-16) ...
Setting up libatk-bridge2.0-0t64:amd64 (2.56.2-1) ...
Setting up libxfconf-0-3:amd64 (4.20.0-1) ...
Setting up libpango-1.0-0:amd64 (1.56.3-1) ...
Setting up dconf-service (0.40.0-5) ...
Setting up libpangoft2-1.0-0:amd64 (1.56.3-1) ...
Setting up libcups2t64:amd64 (2.4.10-3+deb13u2) ...
Setting up libpangocairo-1.0-0:amd64 (1.56.3-1) ...
Setting up libpangoxft-1.0-0:amd64 (1.56.3-1) ...
Setting up dconf-gsettings-backend:amd64 (0.40.0-5) ...
Setting up librsvg2-2:amd64 (2.60.0+dfsg-1) ...
Setting up libgtk-3-common (3.24.49-3) ...
Processing triggers for libc-bin (2.41-12) ...
Processing triggers for libglib2.0-0t64:amd64 (2.84.4-3~deb13u1) ...
Setting up libgtk-3-0t64:amd64 (3.24.49-3) ...
Processing triggers for menu (2.1.51) ...
Setting up libexo-2-0:amd64 (4.20.0-1) ...
Setting up libxfce4ui-2-0:amd64 (4.20.1-1) ...
Setting up libvte-2.91-0:amd64 (0.80.1-1) ...
Setting up exo-utils (4.20.0-1) ...
Setting up xfce4-terminal (1.1.4-1) ...
update-alternatives: using /usr/bin/xfce4-terminal.wrapper to provide /usr/bin/x-terminal-emulator (x-terminal-emulator) in auto mode
Setting up jwm (2.4.6-2) ...
update-alternatives: using /usr/bin/jwm to provide /usr/bin/x-window-manager (x-window-manager) in auto mode
Processing triggers for libc-bin (2.41-12) ...
Processing triggers for menu (2.1.51) ...
'./cld/app/jwm' -> '/usr/local/cld/app/jwm'
'./cld/app/jwm/jwmrc' -> '/usr/local/cld/app/jwm/jwmrc'
'./cld/app/jwm/jwmrc/jwmrc-menu-shutdown.xml' -> '/usr/local/cld/app/jwm/jwmrc/jwmrc-menu-shutdown.xml'
'./cld/app/jwm/jwmrc/jwmrc-menus.xml' -> '/usr/local/cld/app/jwm/jwmrc/jwmrc-menus.xml'
'./cld/app/jwm/jwmrc/jwmrc-tray.xml' -> '/usr/local/cld/app/jwm/jwmrc/jwmrc-tray.xml'
'./cld/app/jwm/jwmrc/jwmrc-key.xml' -> '/usr/local/cld/app/jwm/jwmrc/jwmrc-key.xml'
'./cld/app/jwm/jwmrc/icons' -> '/usr/local/cld/app/jwm/jwmrc/icons'
'./cld/app/jwm/jwmrc/icons/bomb-1F4A3.svg' -> '/usr/local/cld/app/jwm/jwmrc/icons/bomb-1F4A3.svg'
'./cld/app/jwm/jwmrc/icons/counterclockwise-1F504.svg' -> '/usr/local/cld/app/jwm/jwmrc/icons/counterclockwise-1F504.svg'
'./cld/app/jwm/jwmrc/icons/gear-2699.svg' -> '/usr/local/cld/app/jwm/jwmrc/icons/gear-2699.svg'
'./cld/app/jwm/jwm-bootstrap.sh' -> '/usr/local/cld/app/jwm/jwm-bootstrap.sh'
'./cld/home' -> '/usr/local/cld/home'
'./cld/home/.jwmrc' -> '/usr/local/cld/home/.jwmrc'
CLDS: * Install Window Manager jwm: JWM v2.4.6 by Joe Wingbermuehle.
CLDS: * Set .
CLDS: * Change X window manager: update-alternatives --config x-window-manager
CLDS: * Disk size = 2119612K. Space Used = 135336K. Runtime = 00:00:00:09.
CLDS:>>>>>>>>> Running inst-min-win-01-wm-terminal-xfce.sh ...
Reading package lists...
Building dependency tree...
Reading state information...
libxfce4ui-2-0 is already the newest version (4.20.1-1).
libxfce4ui-2-0 set to manually installed.
0 upgraded, 0 newly installed, 0 to remove and 0 not upgraded.
Reading package lists...
Building dependency tree...
Reading state information...
exo-utils is already the newest version (4.20.0-1).
exo-utils set to manually installed.
0 upgraded, 0 newly installed, 0 to remove and 0 not upgraded.
Reading package lists...
Building dependency tree...
Reading state information...
xfce4-terminal is already the newest version (1.1.4-1).
xfce4-terminal set to manually installed.
0 upgraded, 0 newly installed, 0 to remove and 0 not upgraded.
CLDS: * Install terminal: xfce4-terminal.
CLDS: * Disk size = 2119616K. Space Used = 4K. Runtime = 00:00:00:00.
CLDS:>>>>>>>>> Running inst-min-win-cld-win-split.sh ...
Reading package lists...
Building dependency tree...
Reading state information...
The following NEW packages will be installed:
  wmctrl
0 upgraded, 1 newly installed, 0 to remove and 0 not upgraded.
Need to get 22.7 kB of archives.
After this operation, 65.5 kB of additional disk space will be used.
Get:1 http://localhost/aptly-repo/master_trixie-main trixie/main amd64 wmctrl amd64 1.07+git20240228.1105759-1 [22.7 kB]
dpkg-preconfigure: unable to re-open stdin: No such file or directory
Fetched 22.7 kB in 0s (444 kB/s)
E: Can not write log (Is /dev/pts mounted?) - posix_openpt (2: No such file or directory)
Selecting previously unselected package wmctrl.
(Reading database ... 26547 files and directories currently installed.)
Preparing to unpack .../wmctrl_1.07+git20240228.1105759-1_amd64.deb ...
Unpacking wmctrl (1.07+git20240228.1105759-1) ...
Setting up wmctrl (1.07+git20240228.1105759-1) ...
Reading package lists...
Building dependency tree...
Reading state information...
The following additional packages will be installed:
  libxcb-shape0 libxv1 libxxf86dga1
Suggested packages:
  mesa-utils
Recommended packages:
  luit
The following NEW packages will be installed:
  libxcb-shape0 libxv1 libxxf86dga1 x11-utils
0 upgraded, 4 newly installed, 0 to remove and 0 not upgraded.
Need to get 331 kB of archives.
After this operation, 904 kB of additional disk space will be used.
Get:1 http://localhost/aptly-repo/master_trixie-main trixie/main amd64 libxcb-shape0 amd64 1.17.0-2+b1 [106 kB]
Get:2 http://localhost/aptly-repo/master_trixie-main trixie/main amd64 libxv1 amd64 2:1.0.11-1.1+b3 [23.4 kB]
Get:3 http://localhost/aptly-repo/master_trixie-main trixie/main amd64 libxxf86dga1 amd64 2:1.1.5-1+b3 [20.8 kB]
Get:4 http://localhost/aptly-repo/master_trixie-main trixie/main amd64 x11-utils amd64 7.7+7 [182 kB]
dpkg-preconfigure: unable to re-open stdin: No such file or directory
Fetched 331 kB in 0s (7,800 kB/s)
E: Can not write log (Is /dev/pts mounted?) - posix_openpt (2: No such file or directory)
Selecting previously unselected package libxcb-shape0:amd64.
(Reading database ... 26554 files and directories currently installed.)
Preparing to unpack .../libxcb-shape0_1.17.0-2+b1_amd64.deb ...
Unpacking libxcb-shape0:amd64 (1.17.0-2+b1) ...
Selecting previously unselected package libxv1:amd64.
Preparing to unpack .../libxv1_2%3a1.0.11-1.1+b3_amd64.deb ...
Unpacking libxv1:amd64 (2:1.0.11-1.1+b3) ...
Selecting previously unselected package libxxf86dga1:amd64.
Preparing to unpack .../libxxf86dga1_2%3a1.1.5-1+b3_amd64.deb ...
Unpacking libxxf86dga1:amd64 (2:1.1.5-1+b3) ...
Selecting previously unselected package x11-utils.
Preparing to unpack .../x11-utils_7.7+7_amd64.deb ...
Unpacking x11-utils (7.7+7) ...
Setting up libxcb-shape0:amd64 (1.17.0-2+b1) ...
Setting up libxxf86dga1:amd64 (2:1.1.5-1+b3) ...
Setting up libxv1:amd64 (2:1.0.11-1.1+b3) ...
Setting up x11-utils (7.7+7) ...
Processing triggers for libc-bin (2.41-12) ...
'./xwinsplitter/xwinsplitter--get-width.sh' -> '/usr/local/bin/xwinsplitter--get-width.sh'
'./xwinsplitter/xwinsplitter--id.sh' -> '/usr/local/bin/xwinsplitter--id.sh'
'./xwinsplitter/xwinsplitter.sh' -> '/usr/local/bin/xwinsplitter.sh'
'cld-win-split.sh' -> '/usr/local/bin/cld-win-split.sh'
'cld-win-split-v1.0.sh' -> '/usr/local/bin/cld-win-split-v1.0.sh'
'inst-min-win-cld-win-split.sh' -> '/usr/local/bin/inst-min-win-cld-win-split.sh'
'./cld/doc/wmctrl-help.txt' -> '/usr/local/cld/doc/wmctrl-help.txt'
CLDS: * Install required applications for cld-win-split.sh: wmctrl and x11-utils for xprop.
CLDS: * Add key bindings: Ctrl+Alt+Left, Right, Up, Down, 1, 2, 3, 4, 5, 6, 7, 8, 9.
CLDS: * Disk size = 2121140K. Space Used = 1524K. Runtime = 00:00:00:01.
CLDS:>>>>>>>>> Running inst-min-win-jwm-help-manuals-text.sh ...
'./cld/doc/001-User-manual.md' -> '/usr/local/cld/doc/001-User-manual.md'
'./cld/doc/100-Developer-manual.md' -> '/usr/local/cld/doc/100-Developer-manual.md'
'./cld/app/jwm/jwmrc/jwmrc-menus-help-manuals.xml' -> '/usr/local/cld/app/jwm/jwmrc/jwmrc-menus-help-manuals.xml'
'./cld/app/jwm/jwmrc/icons/contacts-E256.svg' -> '/usr/local/cld/app/jwm/jwmrc/icons/contacts-E256.svg'
'./cld/app/jwm/jwmrc/icons/compose-E267.svg' -> '/usr/local/cld/app/jwm/jwmrc/icons/compose-E267.svg'
CLDS: * Add user & developer manuals(text) in Help menu.
CLDS: * Disk size = 2121188K. Space Used = 48K. Runtime = 00:00:00:01.
CLDS:>>>>>>>>> Running inst-min-win-jwm-keyboard-move-mouse.sh ...
'./cld/app/jwm/bootstrap' -> '/usr/local/cld/app/jwm/bootstrap'
'./cld/app/jwm/bootstrap/jwmrc-startup-keyboard-move-mouse.sh' -> '/usr/local/cld/app/jwm/bootstrap/jwmrc-startup-keyboard-move-mouse.sh'
'./cld/doc/mouse-help.txt' -> '/usr/local/cld/doc/mouse-help.txt'
CLDS: * Setup X Window to allow keyboard to move mouse.
CLDS: * Press Left Shift+NumLock.
CLDS: * Press on numpad keys to move the mouse.
CLDS: * Disk size = 2121208K. Space Used = 20K. Runtime = 00:00:00:00.
CLDS:>>>>>>>>> Running inst-min-win-jwm-keys-alsa.sh ...
'./cld/systemd/runlevel/after-boot/jwmrc-startup-alsa.sh' -> '/usr/local/cld/systemd/runlevel/after-boot/jwmrc-startup-alsa.sh'
CLDS: * Add ALSA key binding.
CLDS: * Add script to auto-detect ALSA controller on JWM startup.
CLDS: * Disk size = 2121216K. Space Used = 8K. Runtime = 00:00:00:00.
CLDS:>>>>>>>>> Running inst-min-win-systray-volumeicon-alsa.sh ...
Reading package lists...
Building dependency tree...
Reading state information...
The following additional packages will be installed:
  libnotify4
Suggested packages:
  notification-daemon alsamixergui | aumix-gtk | kmix | gnome-alsamixer
  notify-osd | xfce4-notifyd | notification-daemon
The following NEW packages will be installed:
  libnotify4 volumeicon-alsa
0 upgraded, 2 newly installed, 0 to remove and 0 not upgraded.
Need to get 77.0 kB of archives.
After this operation, 340 kB of additional disk space will be used.
Get:1 http://localhost/aptly-repo/master_trixie-main trixie/main amd64 libnotify4 amd64 0.8.6-1 [26.6 kB]
Get:2 http://localhost/aptly-repo/master_trixie-main trixie/main amd64 volumeicon-alsa amd64 0.5.1+git20230228-1+b1 [50.4 kB]
dpkg-preconfigure: unable to re-open stdin: No such file or directory
Fetched 77.0 kB in 0s (1,390 kB/s)
E: Can not write log (Is /dev/pts mounted?) - posix_openpt (2: No such file or directory)
Selecting previously unselected package libnotify4:amd64.
(Reading database ... 26621 files and directories currently installed.)
Preparing to unpack .../libnotify4_0.8.6-1_amd64.deb ...
Unpacking libnotify4:amd64 (0.8.6-1) ...
Selecting previously unselected package volumeicon-alsa.
Preparing to unpack .../volumeicon-alsa_0.5.1+git20230228-1+b1_amd64.deb ...
Unpacking volumeicon-alsa (0.5.1+git20230228-1+b1) ...
Setting up libnotify4:amd64 (0.8.6-1) ...
Setting up volumeicon-alsa (0.5.1+git20230228-1+b1) ...
Processing triggers for libc-bin (2.41-12) ...
'./cld/app/jwm/bootstrap/jwmrc-startup-volumeicon.sh' -> '/usr/local/cld/app/jwm/bootstrap/jwmrc-startup-volumeicon.sh'
'./cld/home/.config' -> '/usr/local/cld/home/.config'
'./cld/home/.config/volumeicon' -> '/usr/local/cld/home/.config/volumeicon'
'./cld/home/.config/volumeicon/volumeicon' -> '/usr/local/cld/home/.config/volumeicon/volumeicon'
CLDS: * Install volume controller in system tray.
CLDS: * Set left-click to display volume slider: lmb_slider=true.
CLDS: * Set volumeicon to run on JWN startup.
CLDS: * Disk size = 2121756K. Space Used = 540K. Runtime = 00:00:00:01.
CLDS:>>>>>>>>> Running inst-zclean-00-security-updates.sh ...
info: Trying to set 'tzdata/Zones/Etc' [select] to 'UTC'
info: Loading answer for 'tzdata/Zones/Etc'
info: Trying to set 'tzdata/Areas' [select] to 'Etc'
info: Loading answer for 'tzdata/Areas'
Hit:1 http://localhost/aptly-repo/master_trixie-main trixie InRelease
Hit:2 http://localhost/aptly-repo/master_aptly-main squeeze InRelease
Hit:3 http://localhost/aptly-repo/master_deb-multimedia-main trixie InRelease
Hit:4 http://localhost/aptly-repo/master_deb-multimedia-non-free trixie InRelease
Hit:5 http://localhost/aptly-repo/master_docker-stable trixie InRelease
Hit:6 http://localhost/aptly-repo/master_google-cloud-main cloud-sdk InRelease
Hit:7 http://localhost/aptly-repo/master_google-main stable InRelease
Hit:8 http://localhost/aptly-repo/master_trixie-contrib trixie InRelease
Hit:9 http://localhost/aptly-repo/master_trixie-non-free-firmware trixie InRelease
Hit:10 http://localhost/aptly-repo/master_trixie-non-free trixie InRelease
Hit:11 http://localhost/aptly-repo/master_virtualbox-contrib trixie InRelease
Reading package lists...
W: Target Packages (main/binary-amd64/Packages) is configured multiple times in /etc/apt/sources.list:1 and /etc/apt/sources.list:9
W: Target Packages (main/binary-all/Packages) is configured multiple times in /etc/apt/sources.list:1 and /etc/apt/sources.list:9
W: Target Translations (main/i18n/Translation-en_US) is configured multiple times in /etc/apt/sources.list:1 and /etc/apt/sources.list:9
W: Target Translations (main/i18n/Translation-en) is configured multiple times in /etc/apt/sources.list:1 and /etc/apt/sources.list:9
W: Target Packages (main/binary-amd64/Packages) is configured multiple times in /etc/apt/sources.list:1 and /etc/apt/sources.list:9
W: Target Packages (main/binary-all/Packages) is configured multiple times in /etc/apt/sources.list:1 and /etc/apt/sources.list:9
W: Target Translations (main/i18n/Translation-en_US) is configured multiple times in /etc/apt/sources.list:1 and /etc/apt/sources.list:9
W: Target Translations (main/i18n/Translation-en) is configured multiple times in /etc/apt/sources.list:1 and /etc/apt/sources.list:9
Reading package lists...
Building dependency tree...
Reading state information...
Calculating upgrade...
0 upgraded, 0 newly installed, 0 to remove and 0 not upgraded.
CLDS: * Install security updates at the ends.
CLDS: * Disk size = 2121760K. Space Used = 4K. Runtime = 00:00:00:00.
CLDS:>>>>>>>>> Running inst-zclean-01-apt-get-00-clean-up.sh ...
Reading package lists...
Building dependency tree...
Reading state information...
0 upgraded, 0 newly installed, 0 to remove and 0 not upgraded.
CLDS: * Remove unused packages: apt-get -y autoremove.
CLDS: * Clean cached DEB: apt-get clean.
CLDS: * Disk size = 1733532K. Space Used = -388228K. Runtime = 00:00:00:01.
CLDS:>>>>>>>>> Running inst-zclean-01-apt-get-01-source-list.sh ...
CLDS: * Reinstate original Debian repositories back to source.list.
CLDS: * Disk size = 1733540K. Space Used = 8K. Runtime = 00:00:00:00.
CLDS:>>>>>>>>> Running inst-zclean-01-pip-purge.sh ...
/root/scripts/repository/inst-zclean-01-pip-purge/inst-zclean-01-pip-purge.sh: line 10: pip: command not found
CLDS: * Disk size = 1733544K. Space Used = 4K. Runtime = 00:00:00:00.
CLDS:>>>>>>>>> Running inst-zclean-02-remove-block-services.sh ...
CLDS: * Remove block services from starting after they are being installed.
CLDS: * Disk size = 1733544K. Space Used = 0K. Runtime = 00:00:00:00.
CLDS:>>>>>>>>> Running inst-zclean-03-default-filemanager.sh ...
CLDS: * Set shortcut key(WIN+e) for filemanager.
CLDS: * Disk size = 1733548K. Space Used = 4K. Runtime = 00:00:00:01.
CLDS:>>>>>>>>> Running inst-zclean-04-chmod-script.sh ...
chmod ./bashrc-alias.sh
chmod ./bashrc-fct-cdir.sh
chmod ./bashrc-cld.sh
chmod ./bashrc-dircolors.sh
chmod ./bashrc-fct-beep.sh
chmod ./bashrc-fct-to.sh
chmod ./bashrc-fct-avgtime.sh
chmod ./bashrc-fct-extract.sh
chmod ./bashrc-ps1.sh
chmod ./cld-help.sh
chmod ./cld-mkiso.sh
chmod ./cld-remaster.sh
chmod ./cld-dpkg-list.sh
chmod ./partition-swap-enable.sh
chmod ./cld-dd-usb.sh
chmod ./cld-network-eth0.sh
chmod ./partition-automount.sh
chmod ./cld-run-scripts.sh
chmod ./cld-dirs-create.sh
chmod ./cld-list-icons.sh
chmod ./cld-persistence.sh
chmod ./cld-lsmodules.sh
chmod ./cld-systemd-after-boot.sh
chmod ./link-home-directory.sh
chmod ./devmon.sh
chmod ./bashrc.sh
chmod ./mount-all.sh
chmod ./jwmrc-startup-alsa.sh
chmod ./cld-systemd-before-shutdown-halt-reboot.sh
chmod ./jwmrc-startup-keyboard-move-mouse.sh
chmod ./jwmrc-startup-volumeicon.sh
chmod ./jwm-bootstrap.sh
CLDS: * Make *.sh under /usr/local/cld/ executable.
CLDS: * Disk size = 1733552K. Space Used = 4K. Runtime = 00:00:00:00.
CLDS:>>>>>>>>> Running inst-zclean-98-zerosizing.sh ...
/root/scripts/repository/inst-zclean-98-zerosizing/inst-zclean-98-zerosizing.sh: line 16: /dev/fd/63: No such file or directory
CLDS: * Disk size = 1733556K. Space Used = 4K. Runtime = 00:00:00:00.
CLDS:>>>>>>>>> Running inst-zclean-99-end-cleanup.sh ...
CLDS: * rm -rf /tmp/*.
CLDS: * Umount /sys, /dev/pts and /proc.
CLDS: * Disk size = 1733564K. Space Used = 8K. Runtime = 00:00:00:00.
'scripts-ls.lst' -> '/root/scripts/logs/scripts-ls.lst.log'
umount: /media/sql/chroot/sys: not mounted.
umount: /media/sql/chroot/dev/pts: not mounted.
umount: /media/sql/chroot/proc: not mounted.
umount: /media/sql/chroot/dev (udev) unmounted
'./logs/main.log' -> 'binary/main.log'
'./logs/dpkg.log' -> 'binary/dpkg.log'
'./logs/dpkg-no-version.log' -> 'binary/dpkg-no-version.log'
'./logs/dpkg-version.log' -> 'binary/dpkg-version.log'
'./logs/scripts-ls.lst.log' -> 'binary/scripts-ls.lst.log'
'./logs' -> '/media/master-02/github/cust-live-deb/install-log/cld_min_trixie_K6.12.57+deb13-amd64_2025-12-12_14.13.30/logs'
'./logs/inst-zclean-01-apt-get-01-source-list.sh.log' -> '/media/master-02/github/cust-live-deb/install-log/cld_min_trixie_K6.12.57+deb13-amd64_2025-12-12_14.13.30/logs/inst-zclean-01-apt-get-01-source-list.sh.log'
'./logs/inst-min-con-00-linux-image.sh.log' -> '/media/master-02/github/cust-live-deb/install-log/cld_min_trixie_K6.12.57+deb13-amd64_2025-12-12_14.13.30/logs/inst-min-con-00-linux-image.sh.log'
'./logs/inst-zclean-01-pip-purge.sh.log' -> '/media/master-02/github/cust-live-deb/install-log/cld_min_trixie_K6.12.57+deb13-amd64_2025-12-12_14.13.30/logs/inst-zclean-01-pip-purge.sh.log'
'./logs/inst-zclean-02-remove-block-services.sh.log' -> '/media/master-02/github/cust-live-deb/install-log/cld_min_trixie_K6.12.57+deb13-amd64_2025-12-12_14.13.30/logs/inst-zclean-02-remove-block-services.sh.log'
'./logs/inst-zclean-03-default-filemanager.sh.log' -> '/media/master-02/github/cust-live-deb/install-log/cld_min_trixie_K6.12.57+deb13-amd64_2025-12-12_14.13.30/logs/inst-zclean-03-default-filemanager.sh.log'
'./logs/inst-zclean-04-chmod-script.sh.log' -> '/media/master-02/github/cust-live-deb/install-log/cld_min_trixie_K6.12.57+deb13-amd64_2025-12-12_14.13.30/logs/inst-zclean-04-chmod-script.sh.log'
'./logs/inst-zclean-98-zerosizing.sh.log' -> '/media/master-02/github/cust-live-deb/install-log/cld_min_trixie_K6.12.57+deb13-amd64_2025-12-12_14.13.30/logs/inst-zclean-98-zerosizing.sh.log'
'./logs/inst-zclean-99-end-cleanup.sh.log' -> '/media/master-02/github/cust-live-deb/install-log/cld_min_trixie_K6.12.57+deb13-amd64_2025-12-12_14.13.30/logs/inst-zclean-99-end-cleanup.sh.log'
'./logs/inst-min-con-01-apt-transport-https.sh.log' -> '/media/master-02/github/cust-live-deb/install-log/cld_min_trixie_K6.12.57+deb13-amd64_2025-12-12_14.13.30/logs/inst-min-con-01-apt-transport-https.sh.log'
'./logs/inst-min-con-03-systemd-hooks.sh.log' -> '/media/master-02/github/cust-live-deb/install-log/cld_min_trixie_K6.12.57+deb13-amd64_2025-12-12_14.13.30/logs/inst-min-con-03-systemd-hooks.sh.log'
'./logs/inst-min-con-05-keyring-aptly.sh.log' -> '/media/master-02/github/cust-live-deb/install-log/cld_min_trixie_K6.12.57+deb13-amd64_2025-12-12_14.13.30/logs/inst-min-con-05-keyring-aptly.sh.log'
'./logs/inst-min-con-cld-tools.sh.log' -> '/media/master-02/github/cust-live-deb/install-log/cld_min_trixie_K6.12.57+deb13-amd64_2025-12-12_14.13.30/logs/inst-min-con-cld-tools.sh.log'
'./logs/inst-min-con-00-apt-custom-repository.sh.log' -> '/media/master-02/github/cust-live-deb/install-log/cld_min_trixie_K6.12.57+deb13-amd64_2025-12-12_14.13.30/logs/inst-min-con-00-apt-custom-repository.sh.log'
'./logs/inst-min-con-01-apt.sh.log' -> '/media/master-02/github/cust-live-deb/install-log/cld_min_trixie_K6.12.57+deb13-amd64_2025-12-12_14.13.30/logs/inst-min-con-01-apt.sh.log'
'./logs/inst-min-win-00-xorg-0-drivers-fix-libegl-mesa0.sh.log' -> '/media/master-02/github/cust-live-deb/install-log/cld_min_trixie_K6.12.57+deb13-amd64_2025-12-12_14.13.30/logs/inst-min-win-00-xorg-0-drivers-fix-libegl-mesa0.sh.log'
'./logs/inst-min-con-numlock.sh.log' -> '/media/master-02/github/cust-live-deb/install-log/cld_min_trixie_K6.12.57+deb13-amd64_2025-12-12_14.13.30/logs/inst-min-con-numlock.sh.log'
'./logs/inst-min-con-05-keyring-google.sh.log' -> '/media/master-02/github/cust-live-deb/install-log/cld_min_trixie_K6.12.57+deb13-amd64_2025-12-12_14.13.30/logs/inst-min-con-05-keyring-google.sh.log'
'./logs/inst-min-con-00-oldlibs-fix-usr-is-merged.sh.log' -> '/media/master-02/github/cust-live-deb/install-log/cld_min_trixie_K6.12.57+deb13-amd64_2025-12-12_14.13.30/logs/inst-min-con-00-oldlibs-fix-usr-is-merged.sh.log'
'./logs/inst-min-con-02-locale.sh.log' -> '/media/master-02/github/cust-live-deb/install-log/cld_min_trixie_K6.12.57+deb13-amd64_2025-12-12_14.13.30/logs/inst-min-con-02-locale.sh.log'
'./logs/inst-min-con-01-debconf-utils.sh.log' -> '/media/master-02/github/cust-live-deb/install-log/cld_min_trixie_K6.12.57+deb13-amd64_2025-12-12_14.13.30/logs/inst-min-con-01-debconf-utils.sh.log'
'./logs/inst-min-con-02-localepurge.sh.log' -> '/media/master-02/github/cust-live-deb/install-log/cld_min_trixie_K6.12.57+deb13-amd64_2025-12-12_14.13.30/logs/inst-min-con-02-localepurge.sh.log'
'./logs/inst-min-con-05-keyring-debmultimedia.sh.log' -> '/media/master-02/github/cust-live-deb/install-log/cld_min_trixie_K6.12.57+deb13-amd64_2025-12-12_14.13.30/logs/inst-min-con-05-keyring-debmultimedia.sh.log'
'./logs/inst-min-con-04-block-services-start-postinstall.sh.log' -> '/media/master-02/github/cust-live-deb/install-log/cld_min_trixie_K6.12.57+deb13-amd64_2025-12-12_14.13.30/logs/inst-min-con-04-block-services-start-postinstall.sh.log'
'./logs/inst-min-con-05-keyring-00-gnupg.sh.log' -> '/media/master-02/github/cust-live-deb/install-log/cld_min_trixie_K6.12.57+deb13-amd64_2025-12-12_14.13.30/logs/inst-min-con-05-keyring-00-gnupg.sh.log'
'./logs/inst-min-con-auto-log-root.sh.log' -> '/media/master-02/github/cust-live-deb/install-log/cld_min_trixie_K6.12.57+deb13-amd64_2025-12-12_14.13.30/logs/inst-min-con-auto-log-root.sh.log'
'./logs/inst-min-con-cld-bashrc.sh.log' -> '/media/master-02/github/cust-live-deb/install-log/cld_min_trixie_K6.12.57+deb13-amd64_2025-12-12_14.13.30/logs/inst-min-con-cld-bashrc.sh.log'
'./logs/inst-min-con-cld-dev-tools-debootstrap.sh.log' -> '/media/master-02/github/cust-live-deb/install-log/cld_min_trixie_K6.12.57+deb13-amd64_2025-12-12_14.13.30/logs/inst-min-con-cld-dev-tools-debootstrap.sh.log'
'./logs/inst-min-con-filesystem-exfat.sh.log' -> '/media/master-02/github/cust-live-deb/install-log/cld_min_trixie_K6.12.57+deb13-amd64_2025-12-12_14.13.30/logs/inst-min-con-filesystem-exfat.sh.log'
'./logs/inst-min-con-compressors.sh.log' -> '/media/master-02/github/cust-live-deb/install-log/cld_min_trixie_K6.12.57+deb13-amd64_2025-12-12_14.13.30/logs/inst-min-con-compressors.sh.log'
'./logs/inst-min-con-filesystem-ntfs-3g.sh.log' -> '/media/master-02/github/cust-live-deb/install-log/cld_min_trixie_K6.12.57+deb13-amd64_2025-12-12_14.13.30/logs/inst-min-con-filesystem-ntfs-3g.sh.log'
'./logs/inst-min-con-filesystem-dosfstools.sh.log' -> '/media/master-02/github/cust-live-deb/install-log/cld_min_trixie_K6.12.57+deb13-amd64_2025-12-12_14.13.30/logs/inst-min-con-filesystem-dosfstools.sh.log'
'./logs/inst-min-con-filesystem-hfsprogs.sh.log' -> '/media/master-02/github/cust-live-deb/install-log/cld_min_trixie_K6.12.57+deb13-amd64_2025-12-12_14.13.30/logs/inst-min-con-filesystem-hfsprogs.sh.log'
'./logs/inst-min-con-dircolors.sh.log' -> '/media/master-02/github/cust-live-deb/install-log/cld_min_trixie_K6.12.57+deb13-amd64_2025-12-12_14.13.30/logs/inst-min-con-dircolors.sh.log'
'./logs/inst-min-con-filesystem-btrfs-progs.sh.log' -> '/media/master-02/github/cust-live-deb/install-log/cld_min_trixie_K6.12.57+deb13-amd64_2025-12-12_14.13.30/logs/inst-min-con-filesystem-btrfs-progs.sh.log'
'./logs/inst-min-con-firmware-cpu.sh.log' -> '/media/master-02/github/cust-live-deb/install-log/cld_min_trixie_K6.12.57+deb13-amd64_2025-12-12_14.13.30/logs/inst-min-con-firmware-cpu.sh.log'
'./logs/inst-min-con-firmware-net-b43-installer.sh.log' -> '/media/master-02/github/cust-live-deb/install-log/cld_min_trixie_K6.12.57+deb13-amd64_2025-12-12_14.13.30/logs/inst-min-con-firmware-net-b43-installer.sh.log'
'./logs/inst-min-con-firmware.sh.log' -> '/media/master-02/github/cust-live-deb/install-log/cld_min_trixie_K6.12.57+deb13-amd64_2025-12-12_14.13.30/logs/inst-min-con-firmware.sh.log'
'./logs/inst-min-con-live-build-tools-isolinux.sh.log' -> '/media/master-02/github/cust-live-deb/install-log/cld_min_trixie_K6.12.57+deb13-amd64_2025-12-12_14.13.30/logs/inst-min-con-live-build-tools-isolinux.sh.log'
'./logs/inst-min-con-live-build-tools-xorriso.sh.log' -> '/media/master-02/github/cust-live-deb/install-log/cld_min_trixie_K6.12.57+deb13-amd64_2025-12-12_14.13.30/logs/inst-min-con-live-build-tools-xorriso.sh.log'
'./logs/inst-min-con-live-build-tools-rsync.sh.log' -> '/media/master-02/github/cust-live-deb/install-log/cld_min_trixie_K6.12.57+deb13-amd64_2025-12-12_14.13.30/logs/inst-min-con-live-build-tools-rsync.sh.log'
'./logs/inst-min-con-live-build-tools-squashfs-tools.sh.log' -> '/media/master-02/github/cust-live-deb/install-log/cld_min_trixie_K6.12.57+deb13-amd64_2025-12-12_14.13.30/logs/inst-min-con-live-build-tools-squashfs-tools.sh.log'
'./logs/inst-min-con-mtp-jmtpfs.sh.log' -> '/media/master-02/github/cust-live-deb/install-log/cld_min_trixie_K6.12.57+deb13-amd64_2025-12-12_14.13.30/logs/inst-min-con-mtp-jmtpfs.sh.log'
'./logs/inst-min-con-net-tools.sh.log' -> '/media/master-02/github/cust-live-deb/install-log/cld_min_trixie_K6.12.57+deb13-amd64_2025-12-12_14.13.30/logs/inst-min-con-net-tools.sh.log'
'./logs/inst-min-con-network-wpasupplicant.sh.log' -> '/media/master-02/github/cust-live-deb/install-log/cld_min_trixie_K6.12.57+deb13-amd64_2025-12-12_14.13.30/logs/inst-min-con-network-wpasupplicant.sh.log'
'./logs/inst-min-con-network-network-manager.sh.log' -> '/media/master-02/github/cust-live-deb/install-log/cld_min_trixie_K6.12.57+deb13-amd64_2025-12-12_14.13.30/logs/inst-min-con-network-network-manager.sh.log'
'./logs/inst-min-win-01-wm-jwm-debian-menu.sh.log' -> '/media/master-02/github/cust-live-deb/install-log/cld_min_trixie_K6.12.57+deb13-amd64_2025-12-12_14.13.30/logs/inst-min-win-01-wm-jwm-debian-menu.sh.log'
'./logs/inst-min-con-pciutils.sh.log' -> '/media/master-02/github/cust-live-deb/install-log/cld_min_trixie_K6.12.57+deb13-amd64_2025-12-12_14.13.30/logs/inst-min-con-pciutils.sh.log'
'./logs/inst-min-con-rename.sh.log' -> '/media/master-02/github/cust-live-deb/install-log/cld_min_trixie_K6.12.57+deb13-amd64_2025-12-12_14.13.30/logs/inst-min-con-rename.sh.log'
'./logs/inst-min-con-snd-alsa.sh.log' -> '/media/master-02/github/cust-live-deb/install-log/cld_min_trixie_K6.12.57+deb13-amd64_2025-12-12_14.13.30/logs/inst-min-con-snd-alsa.sh.log'
'./logs/inst-min-con-udevil.sh.log' -> '/media/master-02/github/cust-live-deb/install-log/cld_min_trixie_K6.12.57+deb13-amd64_2025-12-12_14.13.30/logs/inst-min-con-udevil.sh.log'
'./logs/inst-min-win-00-xorg-drivers.sh.log' -> '/media/master-02/github/cust-live-deb/install-log/cld_min_trixie_K6.12.57+deb13-amd64_2025-12-12_14.13.30/logs/inst-min-win-00-xorg-drivers.sh.log'
'./logs/inst-min-con-users-poweruser.sh.log' -> '/media/master-02/github/cust-live-deb/install-log/cld_min_trixie_K6.12.57+deb13-amd64_2025-12-12_14.13.30/logs/inst-min-con-users-poweruser.sh.log'
'./logs/inst-min-win-00-xorg.sh.log' -> '/media/master-02/github/cust-live-deb/install-log/cld_min_trixie_K6.12.57+deb13-amd64_2025-12-12_14.13.30/logs/inst-min-win-00-xorg.sh.log'
'./logs/inst-min-win-01-basic-font.sh.log' -> '/media/master-02/github/cust-live-deb/install-log/cld_min_trixie_K6.12.57+deb13-amd64_2025-12-12_14.13.30/logs/inst-min-win-01-basic-font.sh.log'
'./logs/inst-min-win-01-wm-jwm.sh.log' -> '/media/master-02/github/cust-live-deb/install-log/cld_min_trixie_K6.12.57+deb13-amd64_2025-12-12_14.13.30/logs/inst-min-win-01-wm-jwm.sh.log'
'./logs/inst-min-win-cld-win-split.sh.log' -> '/media/master-02/github/cust-live-deb/install-log/cld_min_trixie_K6.12.57+deb13-amd64_2025-12-12_14.13.30/logs/inst-min-win-cld-win-split.sh.log'
'./logs/inst-min-win-01-wm-terminal-xfce.sh.log' -> '/media/master-02/github/cust-live-deb/install-log/cld_min_trixie_K6.12.57+deb13-amd64_2025-12-12_14.13.30/logs/inst-min-win-01-wm-terminal-xfce.sh.log'
'./logs/inst-zclean-01-apt-get-00-clean-up.sh.log' -> '/media/master-02/github/cust-live-deb/install-log/cld_min_trixie_K6.12.57+deb13-amd64_2025-12-12_14.13.30/logs/inst-zclean-01-apt-get-00-clean-up.sh.log'
'./logs/inst-min-win-jwm-help-manuals-text.sh.log' -> '/media/master-02/github/cust-live-deb/install-log/cld_min_trixie_K6.12.57+deb13-amd64_2025-12-12_14.13.30/logs/inst-min-win-jwm-help-manuals-text.sh.log'
'./logs/inst-min-win-jwm-keyboard-move-mouse.sh.log' -> '/media/master-02/github/cust-live-deb/install-log/cld_min_trixie_K6.12.57+deb13-amd64_2025-12-12_14.13.30/logs/inst-min-win-jwm-keyboard-move-mouse.sh.log'
'./logs/inst-min-win-jwm-keys-alsa.sh.log' -> '/media/master-02/github/cust-live-deb/install-log/cld_min_trixie_K6.12.57+deb13-amd64_2025-12-12_14.13.30/logs/inst-min-win-jwm-keys-alsa.sh.log'
'./logs/inst-min-win-systray-volumeicon-alsa.sh.log' -> '/media/master-02/github/cust-live-deb/install-log/cld_min_trixie_K6.12.57+deb13-amd64_2025-12-12_14.13.30/logs/inst-min-win-systray-volumeicon-alsa.sh.log'
'./logs/inst-zclean-00-security-updates.sh.log' -> '/media/master-02/github/cust-live-deb/install-log/cld_min_trixie_K6.12.57+deb13-amd64_2025-12-12_14.13.30/logs/inst-zclean-00-security-updates.sh.log'
'./logs/main.size' -> '/media/master-02/github/cust-live-deb/install-log/cld_min_trixie_K6.12.57+deb13-amd64_2025-12-12_14.13.30/logs/main.size'
'./logs/main.sh.log' -> '/media/master-02/github/cust-live-deb/install-log/cld_min_trixie_K6.12.57+deb13-amd64_2025-12-12_14.13.30/logs/main.sh.log'
'./logs/dpkg.log' -> '/media/master-02/github/cust-live-deb/install-log/cld_min_trixie_K6.12.57+deb13-amd64_2025-12-12_14.13.30/logs/dpkg.log'
'./logs/dpkg-version.log' -> '/media/master-02/github/cust-live-deb/install-log/cld_min_trixie_K6.12.57+deb13-amd64_2025-12-12_14.13.30/logs/dpkg-version.log'
'./logs/dpkg-no-version.log' -> '/media/master-02/github/cust-live-deb/install-log/cld_min_trixie_K6.12.57+deb13-amd64_2025-12-12_14.13.30/logs/dpkg-no-version.log'
'./logs/scripts-ls.lst.log' -> '/media/master-02/github/cust-live-deb/install-log/cld_min_trixie_K6.12.57+deb13-amd64_2025-12-12_14.13.30/logs/scripts-ls.lst.log'
'./logs/.gitignore' -> '/media/master-02/github/cust-live-deb/install-log/cld_min_trixie_K6.12.57+deb13-amd64_2025-12-12_14.13.30/logs/.gitignore'
'./logs/md' -> '/media/master-02/github/cust-live-deb/install-log/cld_min_trixie_K6.12.57+deb13-amd64_2025-12-12_14.13.30/logs/md'
'./logs/md/master-main.md' -> '/media/master-02/github/cust-live-deb/install-log/cld_min_trixie_K6.12.57+deb13-amd64_2025-12-12_14.13.30/logs/md/master-main.md'
'./logs/md/main.sh.log.md' -> '/media/master-02/github/cust-live-deb/install-log/cld_min_trixie_K6.12.57+deb13-amd64_2025-12-12_14.13.30/logs/md/main.sh.log.md'
'./logs/md/.gitignore' -> '/media/master-02/github/cust-live-deb/install-log/cld_min_trixie_K6.12.57+deb13-amd64_2025-12-12_14.13.30/logs/md/.gitignore'
'./logs/main.log' -> '/media/master-02/github/cust-live-deb/install-log/cld_min_trixie_K6.12.57+deb13-amd64_2025-12-12_14.13.30/logs/main.log'
Parallel mksquashfs: Using 2 processors
Creating 4.0 filesystem on ./binary/live/filesystem.squashfs, block size 131072.
[=/                                                          ]  1000/30851   3%[========-                                                   ]  4400/30851  14%[=========|                                                  ]  4900/30851  15%[=========-                                                  ]  5100/30851  16%[======================\                                     ] 11900/30851  38%[==========================\                                 ] 13900/30851  45%[===========================|                                ] 14400/30851  46%[===========================/                                ] 14600/30851  47%[============================================|               ] 23500/30851  76%[==================================================/         ] 26400/30851  85%Unrecognised xattr prefix system.posix_acl_access
Unrecognised xattr prefix system.posix_acl_default

[===========================================================\] 30851/30851 100%

Exportable Squashfs 4.0 filesystem, xz compressed, data block size 131072
	compressed data, compressed metadata, compressed fragments,
	compressed xattrs, compressed ids
	duplicates are removed
Filesystem size 528017.78 Kbytes (515.64 Mbytes)
	41.27% of uncompressed filesystem size (1279421.95 Kbytes)
Inode table size 246110 bytes (240.34 Kbytes)
	24.97% of uncompressed inode table size (985512 bytes)
Directory table size 249434 bytes (243.59 Kbytes)
	37.02% of uncompressed directory table size (673788 bytes)
Number of duplicate files found 1520
Number of inodes 28999
Number of files 23242
Number of fragments 2083
Number of symbolic links 1783
Number of device nodes 8
Number of fifo nodes 0
Number of socket nodes 0
Number of directories 3966
Number of hard-links 7
Number of ids (unique uids + gids) 10
Number of uids 4
	root (0)
	_apt (42)
	poweruser (1000)
	systemd-network (998)
Number of gids 10
	root (0)
	shadow (42)
	poweruser (1000)
	systemd-network (998)
	crontab (997)
	messagebus (991)
	utmp (43)
	adm (4)
	systemd-journal (999)
	mail (8)
xorriso 1.5.6 : RockRidge filesystem manipulator, libburnia project.

Drive current: -outdev 'stdio:/media/sql/cld_min_trixie_K6.12.57+deb13-amd64_2025-12-12_14.13.30.iso'
Media current: stdio file, overwriteable
Media status : is blank
Media summary: 0 sessions, 0 data blocks, 0 data, 11.0g free
xorriso : WARNING : -volid text does not comply to ISO 9660 / ECMA 119 rules
xorriso : NOTE : -as mkisofs: Ignored option '-cache-inodes'
Added to ISO image: directory '/'='/media/master-02/github/cust-live-deb/binary'
xorriso : UPDATE :     309 files added in 1 seconds
xorriso : UPDATE :     309 files added in 1 seconds
xorriso : NOTE : Copying to System Area: 432 bytes from file '/usr/lib/ISOLINUX/isohdpfx.bin'
xorriso : WARNING : EFI boot equipment is provided but no directory /EFI/BOOT
xorriso : WARNING : will emerge in the ISO filesystem. A popular method to
xorriso : WARNING : prepare a USB stick on MS-Windows relies on having in the
xorriso : WARNING : ISO filesystem a copy of the EFI System Partition tree.
libisofs: NOTE : Aligned image size to cylinder size by 346 blocks
xorriso : UPDATE :  4.14% done
xorriso : UPDATE :  42.63% done
ISO image produced: 306176 sectors
Written to medium : 306176 sectors at LBA 0
Writing to 'stdio:/media/sql/cld_min_trixie_K6.12.57+deb13-amd64_2025-12-12_14.13.30.iso' completed successfully.

./cld-shlog.sh: line 56: /dev/fd/63: No such file or directory
